"id","Year","DOY","Treatment","Cut_Number","Molehill","Lodging","N_species","height_obs","biomass_obs","height_dem_mean","height_dem_sd","height_dem_min","height_dem_q25","height_dem_q50","height_dem_q75","height_dem_q90","height_dem_max"
1,2022,165,1,1,1,2,NA,0.556,1189.95,0.416075913,0.12399038,0.181015015,0.299293518,0.423744202,0.529483795,0.570411682,0.636734009
1,2022,257,1,2,0,0,NA,0.16,125.57,0.08951072,0.017734175,0.031593323,0.078525543,0.089881897,0.099838257,0.109060669,0.1796875
1,2023,157,1,1,NA,0,13,0.518,593.59,0.476996185,0.076359279,0.237228394,0.442720413,0.481018066,0.520206451,0.56357193,0.68888092
1,2023,265,1,2,NA,2,NA,0.246,350.76,0.208921529,0.033221179,0.034065247,0.192024231,0.207481384,0.225288391,0.247364807,0.323783875
10,2022,165,1,1,0,0,9,0.764,988.84,0.683531246,0.153606983,0.252288818,0.591625214,0.736068726,0.794963837,0.846070862,0.88205719
10,2022,257,1,2,1,0,8,0.154,59.83,0.077297205,0.021622917,0.024887085,0.062004089,0.075328827,0.091573715,0.104270935,0.145896912
10,2023,157,1,1,NA,1,13,0.568,622.15,0.521413406,0.13164284,0.175582886,0.445137024,0.544464111,0.632553101,0.661560059,0.712158203
10,2023,265,1,2,NA,2,11,0.274,308.66,0.205184659,0.032548104,0.140777588,0.180183411,0.20098114,0.228981018,0.246730042,0.326026917
100,2022,136,3,1,1,0,NA,0.428,528.76,0.333264912,0.035176039,0.24671936,0.308412552,0.329994202,0.358201981,0.377992249,0.439239502
100,2022,165,3,2,1,0,NA,0.15,95,0.066966896,0.02894989,0.01008606,0.047615051,0.06438446,0.083641052,0.10292511,0.193557739
100,2022,214,3,3,0,1,NA,0.154,169.52,0.119101137,0.034942744,0.029151917,0.097709656,0.118209839,0.141204834,0.167860413,0.20085907
100,2022,257,3,4,0,0,NA,0.19,164.09,0.161196539,0.02512783,0.097305298,0.143859863,0.15827179,0.177200317,0.195701599,0.229759216
100,2023,136,3,1,NA,0,12,0.462,320.13,0.211094572,0.050843197,0.061012268,0.172294617,0.214584351,0.250524521,0.276500702,0.345191956
100,2023,170,3,2,NA,0,NA,0.158,109.7,0.072245665,0.031128568,0.013206482,0.049293518,0.068756104,0.089622498,0.118193054,0.154304504
100,2023,221,3,3,NA,1,NA,0.268,364.28,0.17134993,0.024717176,0.110557556,0.154785156,0.169906616,0.187824249,0.204681396,0.236282349
100,2023,265,3,4,NA,0,NA,0.164,79.74,0.087841884,0.021673632,0.036201477,0.073112488,0.087501526,0.101257324,0.115800476,0.173469543
101,2022,136,3,1,1,0,7,0.352,447.19,0.316236108,0.023567876,0.257575989,0.300199509,0.314872742,0.331327438,0.344947815,0.425415039
101,2022,165,3,2,0,0,6,0.156,115.46,0.098190057,0.036876778,0.010360718,0.074764252,0.095588684,0.116851807,0.147546387,0.210540771
101,2022,214,3,3,0,2,6,0.142,210.48,0.12696159,0.034836329,0.039710999,0.104558945,0.125919342,0.147171021,0.172364044,0.233299255
101,2022,257,3,4,0,2,7,0.194,245.81,0.168807829,0.020432356,0.096305847,0.154079437,0.169380188,0.184333801,0.195640564,0.214752197
101,2023,136,3,1,NA,0,11,0.484,403.55,0.334750259,0.05874692,0.199211121,0.28742981,0.337554932,0.37802887,0.410585022,0.513420105
101,2023,170,3,2,NA,0,9,0.158,127.8,0.113073724,0.042612712,0.012123108,0.08190155,0.11567688,0.141677856,0.172888184,0.210929871
101,2023,221,3,3,NA,2,9,0.252,448.03,0.168379883,0.051944154,0.010482788,0.148859024,0.179122925,0.199428558,0.219278717,0.310562134
101,2023,265,3,4,NA,1,10,0.172,206.39,0.154604565,0.022875217,0.077789307,0.141424179,0.155376434,0.170909882,0.18195343,0.222724915
102,2022,136,3,1,0,0,NA,0.22,241.06,0.239528627,0.073473602,0.082801819,0.182203293,0.221298218,0.309803009,0.34708786,0.389144897
102,2022,165,3,2,0,0,NA,0.126,51.13,0.080745555,0.025223705,0.014656067,0.063545227,0.079650879,0.097457886,0.11566925,0.144882202
102,2022,214,3,3,0,0,NA,0.278,331.06,0.315896004,0.031279369,0.219055176,0.292226791,0.316692352,0.339078903,0.358359528,0.383804321
102,2022,257,3,4,0,2,NA,0.196,156.79,0.194980464,0.026761174,0.11782074,0.173667908,0.19254303,0.215408325,0.232107544,0.263793945
102,2023,136,3,1,NA,0,7,0.29,210.94,0.169893052,0.040266608,0.027374268,0.148374557,0.177536011,0.202100754,0.213102722,0.233306885
102,2023,170,3,2,NA,0,NA,0.14,87.97,0.093931669,0.029978111,0.013275146,0.07144165,0.093009949,0.119483948,0.132315063,0.162414551
102,2023,221,3,3,NA,2,NA,0.298,406.53,0.247421729,0.03447934,0.149711609,0.221038818,0.250083923,0.27217865,0.288456726,0.340621948
102,2023,265,3,4,NA,2,NA,0.192,98.21,0.162518995,0.018566907,0.117980957,0.149894714,0.161193848,0.1745224,0.189834595,0.212715149
103,2022,136,3,1,0,0,6,0.172,128.82,0.054470512,0.026424384,0.010040283,0.032958984,0.05286026,0.072338104,0.091403961,0.135818481
103,2022,165,3,2,0,0,6,0.126,52.53,0.079317359,0.022237093,0.016090393,0.062383652,0.079421997,0.096025467,0.106476593,0.148361206
103,2022,214,3,3,0,0,6,0.302,373.82,0.334547423,0.06093827,0.076667786,0.306203842,0.339050293,0.375114441,0.407230377,0.445510864
103,2022,257,3,4,0,2,5,0.212,188.93,0.196687104,0.035861474,0.083518982,0.1743927,0.197319031,0.222511292,0.24312439,0.278869629
103,2023,136,3,1,NA,0,6,0.242,145.96,0.128448704,0.041404724,0.010093689,0.10001564,0.131908417,0.158369064,0.181016541,0.230789185
103,2023,170,3,2,NA,0,8,0.15,86.73,0.086216093,0.025299079,0.018936157,0.07144165,0.088562012,0.103790283,0.117964172,0.143936157
103,2023,221,3,3,NA,1,10,0.328,318.4,0.242734717,0.054935098,0.083992004,0.20615387,0.248397827,0.291069031,0.309616089,0.345001221
103,2023,265,3,4,NA,2,10,0.182,102.38,0.168566272,0.031957201,0.059104919,0.144666672,0.165607452,0.191343307,0.214488983,0.242080688
104,2022,136,3,1,0,0,NA,0.238,188.02,0.107881468,0.042694665,0.010490417,0.073608398,0.119865417,0.141437531,0.154838562,0.187599182
104,2022,165,3,2,0,0,NA,0.154,85.04,0.105966675,0.027042276,0.031944275,0.086526871,0.105983734,0.125570297,0.140457153,0.217163086
104,2022,214,3,3,0,0,NA,0.312,416.99,0.349158298,0.069451327,0.179534912,0.298593521,0.340526581,0.410385132,0.444683075,0.485618591
104,2022,257,3,4,0,2,NA,0.218,216.31,0.263992845,0.033419084,0.148384094,0.244987488,0.266853333,0.283847809,0.300443268,0.35798645
104,2023,136,3,1,NA,0,6,0.32,255.15,0.27280243,0.060353217,0.09400177,0.232711792,0.279933929,0.321586609,0.343500519,0.404685974
104,2023,170,3,2,NA,0,NA,0.132,72.12,0.095111861,0.050965079,0.011924744,0.058959961,0.08039856,0.124164581,0.177740479,0.220428467
104,2023,221,3,3,NA,2,NA,0.276,383.38,0.250357636,0.041680604,0.121788025,0.21774292,0.25818634,0.281280518,0.300177002,0.336868286
104,2023,265,3,4,NA,1,NA,0.18,100.93,0.196878807,0.034103668,0.106460571,0.170000076,0.201450348,0.224557877,0.239807129,0.268119812
105,2022,136,3,1,0,0,4,0.214,208.17,0.132412572,0.05108658,0.010406494,0.087104797,0.136306763,0.168067932,0.197749329,0.274482727
105,2022,165,3,2,0,0,5,0.118,89.83,0.101352518,0.044218194,0.01008606,0.064144135,0.105308533,0.135784149,0.158864594,0.210769653
105,2022,214,3,3,0,0,5,0.288,311.08,0.323205805,0.045238143,0.137741089,0.297210693,0.331577301,0.355661392,0.374976349,0.402397156
105,2022,257,3,4,0,2,3,0.194,159.71,0.197582199,0.030222156,0.042449951,0.18388176,0.202762604,0.21887207,0.228762054,0.257965088
105,2023,136,3,1,NA,0,6,0.284,231.48,0.193192428,0.069140648,0.034507751,0.134939194,0.204071045,0.254083633,0.277721405,0.315208435
105,2023,170,3,2,NA,0,8,0.132,78.24,0.103347135,0.025649047,0.043121338,0.087055206,0.100093842,0.115621567,0.136100769,0.1977005
105,2023,221,3,3,NA,2,10,0.24,446.31,0.222758045,0.046091031,0.118789673,0.191364288,0.231559753,0.253860474,0.275614166,0.337020874
105,2023,265,3,4,NA,0,7,0.206,105.24,0.194470355,0.034896556,0.031494141,0.173561096,0.199958801,0.216278076,0.233659363,0.285194397
106,2022,136,3,1,0,0,NA,0.244,208.82,0.116898508,0.04273489,0.011245728,0.090911865,0.124984741,0.145378113,0.163345337,0.224998474
106,2022,165,3,2,0,0,NA,0.134,72.46,0.088080504,0.029579565,0.011810303,0.069190979,0.090759277,0.110229492,0.124411011,0.149093628
106,2022,214,3,3,0,0,NA,0.158,207.01,0.174814581,0.037613545,0.057014465,0.151134491,0.18346405,0.202159882,0.218077087,0.246551514
106,2022,257,3,4,0,2,NA,0.154,135.93,0.151697074,0.025855776,0.072265625,0.134279251,0.153808594,0.171308517,0.183644867,0.211883545
106,2023,136,3,1,NA,0,8,0.3,275.21,0.132564016,0.042928292,0.017692566,0.102510452,0.132369995,0.162319183,0.186064148,0.285682678
106,2023,170,3,2,NA,0,NA,0.132,70.27,0.081967415,0.032207285,0.010513306,0.056631088,0.083889008,0.108533859,0.122158051,0.161254883
106,2023,221,3,3,NA,1,NA,0.25,399.64,0.233303688,0.024688798,0.146728516,0.217998505,0.233268738,0.250616074,0.262728882,0.31526947
106,2023,265,3,4,NA,2,NA,0.19,174.52,0.175202296,0.031436798,0.081230164,0.151123047,0.175239563,0.195796967,0.218295288,0.251991272
107,2022,136,3,1,0,0,8,0.328,337.27,0.218313508,0.051143833,0.013069153,0.194980621,0.225795746,0.249502182,0.273484802,0.332824707
107,2022,165,3,2,0,0,8,0.142,140.53,0.094648002,0.028609261,0.013595581,0.07362175,0.095050812,0.116153717,0.132534027,0.161148071
107,2022,214,3,3,0,0,7,0.132,259.98,0.150616387,0.037033018,0.052024841,0.120811462,0.152519226,0.178504944,0.195024109,0.257102966
107,2022,257,3,4,1,2,6,0.17,244.13,0.149059138,0.035771759,0.014190674,0.124771118,0.154376984,0.175264359,0.189810181,0.245353699
107,2023,136,3,1,NA,0,8,0.486,361.6,0.277391346,0.041448742,0.150474548,0.2550354,0.278533936,0.300613403,0.325462341,0.398681641
107,2023,170,3,2,NA,0,9,0.138,127.27,0.093151426,0.036561606,0.010101318,0.071960449,0.097625732,0.119865417,0.138426208,0.170547485
107,2023,221,3,3,NA,1,15,0.268,500.16,0.254222468,0.044325282,0.138191223,0.22608757,0.25799942,0.283100128,0.307430267,0.363838196
107,2023,265,3,4,NA,1,11,0.194,232.19,0.15673457,0.043722637,0.015533447,0.127012253,0.159408569,0.188209534,0.212627411,0.243492126
108,2022,136,3,1,0,0,NA,0.342,391.47,0.260164902,0.076856016,0.011734009,0.204996109,0.265453339,0.320344925,0.357471466,0.414932251
108,2022,165,3,2,1,0,NA,0.126,91.5,0.047078298,0.021165149,0.010101318,0.031417847,0.045375824,0.062366486,0.073852539,0.128173828
108,2022,214,3,3,0,0,NA,0.084,98.31,0.069224431,0.079918781,0.01007843,0.041675568,0.055778503,0.075942993,0.093930054,0.953933716
108,2022,257,3,4,1,2,NA,0.164,162.96,0.116095234,0.097178993,0.028160095,0.085197449,0.108985901,0.128196716,0.145774841,1.306228638
108,2023,136,3,1,NA,0,9,0.47,469.2,0.254389603,0.065013465,0.010017395,0.225597382,0.267196655,0.292861938,0.329568481,0.380409241
108,2023,170,3,2,NA,1,NA,0.154,161.31,0.079716487,0.0310978,0.010559082,0.058673859,0.081073761,0.103420258,0.12026062,0.148254395
108,2023,221,3,3,NA,2,NA,0.232,455.24,0.185575112,0.03741037,0.091110229,0.160148621,0.194728851,0.211585999,0.226367188,0.274047852
108,2023,265,3,4,NA,0,NA,0.182,151.75,0.127822121,0.02435145,0.057113647,0.111206055,0.129211426,0.144687653,0.158761597,0.198493958
11,2022,165,1,1,0,0,NA,0.786,1061.48,0.753717237,0.055342681,0.499832153,0.725257874,0.759033203,0.784004211,0.819396973,0.905929565
11,2022,257,1,2,1,0,NA,0.18,141.28,0.108781338,0.024990506,0.058242798,0.087921143,0.108604431,0.1276474,0.143180847,0.176986694
11,2023,157,1,1,NA,1,12,0.534,1387.28,0.679299152,0.078641074,0.343269348,0.646308899,0.704475403,0.730201721,0.752285767,0.779144287
11,2023,265,1,2,NA,1,NA,0.248,263.75,0.174678977,0.031024091,0.09979248,0.151706696,0.173686981,0.19711113,0.215942383,0.269454956
12,2022,165,1,1,1,2,6,0.58,1250.07,0.52887985,0.109367658,0.238868713,0.472232819,0.539806366,0.605367661,0.652973175,0.752914429
12,2022,257,1,2,0,1,5,0.386,542.14,0.309789764,0.070493717,0.126960754,0.267677307,0.325496674,0.36038208,0.385440826,0.472335815
12,2023,157,1,1,NA,1,6,0.57,742.14,0.661309626,0.102355244,0.323410034,0.637760162,0.683433533,0.733078003,0.76131134,0.800178528
12,2023,265,1,2,NA,2,5,0.332,579.38,0.263958778,0.040886132,0.170120239,0.236228943,0.266456604,0.289871216,0.311894226,0.388015747
13,2022,165,1,1,0,0,NA,0.74,901.3,0.717194604,0.129851167,0.222854614,0.672714233,0.73141861,0.802282333,0.864513397,0.948776245
13,2022,257,1,2,0,0,NA,0.252,430.81,0.217061384,0.069082398,0.069740295,0.165996552,0.207740784,0.265663147,0.319447327,0.387390137
13,2023,157,1,1,NA,0,4,0.844,1116.35,0.975580181,0.143220923,0.675071716,0.833633423,0.991950989,1.095474243,1.165397644,1.229454041
13,2023,265,1,2,NA,2,NA,0.336,518.09,0.270901764,0.061727486,0.071037292,0.239841461,0.27779007,0.309352875,0.349277496,0.388793945
14,2022,165,1,1,0,0,3,0.798,771.61,0.640560676,0.104479165,0.215110779,0.617164612,0.673110962,0.707054138,0.731716919,0.762718201
14,2022,257,1,2,0,2,3,0.252,504.16,0.250120358,0.040215,0.106735229,0.226886749,0.256240845,0.279676437,0.29574585,0.335525513
14,2023,157,1,1,NA,0,4,0.902,789.17,0.832831734,0.123788606,0.484260559,0.749130249,0.805580139,0.92086792,1.013240051,1.169525146
14,2023,265,1,2,NA,2,2,0.318,453.79,0.295443547,0.049912161,0.140724182,0.275733948,0.300758362,0.326469421,0.347290039,0.408973694
15,2022,165,1,1,1,1,NA,0.56,1040.13,0.490142513,0.127096162,0.277481079,0.378864288,0.471382141,0.573282242,0.685562134,0.795433044
15,2022,257,1,2,1,0,NA,0.29,476.48,0.230362834,0.056303866,0.119613647,0.187509537,0.221858978,0.266902924,0.318990326,0.377319336
15,2023,157,1,1,NA,1,6,0.62,836.69,0.736798753,0.066915134,0.592201233,0.684801102,0.730384827,0.788919449,0.825884247,0.918128967
15,2023,265,1,2,NA,2,NA,0.392,825.8,0.330409775,0.053426931,0.215232849,0.286790848,0.317558289,0.378633499,0.403720856,0.43875885
16,2022,165,1,1,0,2,6,0.49,1073.38,0.440957508,0.124033628,0.070045471,0.381982803,0.460041046,0.514732361,0.596442413,0.667617798
16,2022,257,1,2,1,1,3,0.35,422.92,0.279814519,0.067552738,0.11504364,0.229358673,0.289482117,0.332878113,0.360939026,0.433921814
16,2023,157,1,1,NA,1,8,0.576,762.69,0.723046767,0.064671764,0.520019531,0.696826935,0.7345047,0.766860962,0.797570801,0.859794617
16,2023,265,1,2,NA,2,5,0.422,656.19,0.335543026,0.051034769,0.206840515,0.300683975,0.333286285,0.36505127,0.407686615,0.482635498
17,2022,165,1,1,1,1,NA,0.48,920.25,0.466413764,0.085270298,0.215911865,0.414585114,0.470264435,0.532032013,0.557901764,0.682258606
17,2022,257,1,2,0,0,NA,0.282,269.03,0.255333428,0.042354061,0.131263733,0.228042603,0.252445221,0.2849617,0.315386963,0.352180481
17,2023,157,1,1,NA,2,5,0.42,954.45,0.65274893,0.045936641,0.514846802,0.62020874,0.649406433,0.683547974,0.718821716,0.849937439
17,2023,265,1,2,NA,1,NA,0.386,810.33,0.355756893,0.051378907,0.198905945,0.319046021,0.361022949,0.395370483,0.423942566,0.444641113
18,2022,165,1,1,0,2,3,0.162,556.82,0.251500696,0.072017549,0.100975037,0.201248169,0.247890472,0.295776367,0.348207092,0.533500671
18,2022,257,1,2,0,2,2,0.304,415.47,0.220020728,0.057613921,0.099693298,0.176937103,0.209228516,0.251476288,0.2972229,0.428283691
18,2023,265,1,2,NA,2,2,0.362,489.53,0.313651273,0.051339959,0.182762146,0.28396225,0.313705444,0.351797104,0.379665375,0.42514801
19,2022,165,1,1,0,1,8,0.674,787.16,0.546750039,0.115115209,0.234138489,0.458602905,0.542434692,0.629955292,0.7141922,0.844192505
19,2022,257,1,2,1,0,11,0.14,36.55,0.089072814,0.025455922,0.023078918,0.070861816,0.088535309,0.106019974,0.123921967,0.150169373
19,2023,157,1,1,NA,2,11,0.602,773.59,0.658573185,0.117480249,0.331306458,0.582380295,0.649154663,0.746776581,0.818300629,0.891136169
19,2023,265,1,2,NA,2,9,0.312,371.62,0.341011452,0.02595484,0.269874573,0.322290421,0.342948914,0.36048317,0.372779846,0.398979187
2,2022,165,1,1,1,1,8,0.664,1096.45,0.603605199,0.107237996,0.287773132,0.545028687,0.627662659,0.689865112,0.715426636,0.773841858
2,2022,257,1,2,0,0,7,0.15,41.83,0.085954718,0.02930382,0.025520325,0.060890198,0.086708069,0.108329773,0.122520447,0.157302856
2,2023,157,1,1,NA,0,13,0.59,805.68,0.637310407,0.107175056,0.375343323,0.568481445,0.615501404,0.700775146,0.794287109,0.923179626
2,2023,265,1,2,NA,2,10,0.278,355.03,0.257752391,0.036002607,0.172393799,0.235855103,0.256240845,0.278877258,0.294441223,0.434089661
20,2022,165,1,1,0,1,NA,0.652,761.47,0.56804994,0.109164789,0.25201416,0.49249649,0.571857452,0.653610229,0.708295441,0.793548584
20,2022,257,1,2,0,0,NA,0.146,36.49,0.078656642,0.019833996,0.025268555,0.065490723,0.076644897,0.090501785,0.106596375,0.13835144
20,2023,157,1,1,NA,1,11,0.57,603.87,0.515694418,0.070619608,0.277603149,0.461624146,0.52936554,0.575592041,0.602172852,0.665260315
20,2023,265,1,2,NA,2,NA,0.19,177.66,0.158276916,0.032359998,0.080322266,0.134040833,0.156551361,0.18120575,0.200465393,0.25983429
21,2022,165,1,1,1,1,9,0.562,841.28,0.600800732,0.094090855,0.342575073,0.53049469,0.622501373,0.678163528,0.708753967,0.760871887
21,2022,257,1,2,1,0,8,0.124,10.72,0.056459914,0.021913064,0.0104599,0.041870117,0.054454803,0.069820404,0.087734985,0.134490967
21,2023,157,1,1,NA,1,12,0.538,647.82,0.503045296,0.125748699,0.138137817,0.444093704,0.536998749,0.593662262,0.634792328,0.685173035
21,2023,265,1,2,NA,1,7,0.222,202.65,0.188032315,0.027447855,0.104873657,0.172641754,0.187038422,0.204147339,0.222709656,0.26865387
22,2022,165,1,1,1,1,NA,0.512,870.3,0.573272719,0.127056751,0.13986969,0.482463837,0.598487854,0.645626068,0.748065186,0.842384338
22,2022,257,1,2,0,0,NA,0.36,394.29,0.294023967,0.079677013,0.099014282,0.234088898,0.283111572,0.357364655,0.406773376,0.514564514
22,2023,157,1,1,NA,2,7,0.544,840.98,0.601793597,0.115097564,0.265930176,0.53842926,0.626556396,0.689376831,0.725610352,0.77130127
22,2023,265,1,2,NA,2,NA,0.282,498.29,0.225848981,0.037176772,0.124465942,0.202384949,0.220703125,0.246162415,0.274241638,0.328285217
23,2022,165,1,1,0,2,4,0.492,810.79,0.554912644,0.089001667,0.304969788,0.506801605,0.53377533,0.610343933,0.695541382,0.770065308
23,2022,257,1,2,1,2,3,0.2,483.04,0.155699611,0.03839409,0.054748535,0.132614136,0.156700134,0.182666779,0.200267029,0.257049561
23,2023,157,1,1,NA,0,6,0.618,575.69,0.517292862,0.067524977,0.235618591,0.486166,0.523044586,0.556552887,0.597002411,0.670761108
23,2023,265,1,2,NA,2,4,0.296,668.31,0.252914824,0.043928633,0.12903595,0.226436615,0.2541008,0.283058167,0.308677673,0.359107971
24,2022,165,1,1,0,1,NA,0.372,1017.18,0.368813777,0.079703469,0.198905945,0.316410065,0.370010376,0.414978027,0.464459229,0.66078949
24,2022,257,1,2,1,2,NA,0.2,989.7,0.18517591,0.038140515,0.08518219,0.158918381,0.187068939,0.211816788,0.234755707,0.292449951
24,2023,157,1,1,NA,0,3,0.69,905.94,0.58507168,0.057557216,0.237319946,0.558919907,0.595184326,0.620710373,0.642729187,0.696380615
24,2023,265,1,2,NA,2,NA,0.304,727.73,0.254951206,0.042556338,0.113716125,0.236717224,0.261985779,0.282051086,0.303936005,0.326454163
25,2022,165,1,1,0,2,6,0.47,1348.08,0.518856895,0.094091276,0.305107117,0.443141937,0.541362762,0.59636879,0.626213074,0.694107056
25,2022,257,1,2,1,0,7,0.188,127.49,0.125603819,0.02434409,0.064277649,0.108413696,0.125946045,0.141220093,0.156341553,0.189651489
25,2023,157,1,1,NA,2,9,0.492,654.62,0.518421342,0.104048835,0.291862488,0.428482056,0.499404907,0.610084534,0.665058136,0.758331299
25,2023,265,1,2,NA,2,8,0.28,407.63,0.219577851,0.023914185,0.147827148,0.204092026,0.217323303,0.234981537,0.251242065,0.287246704
26,2022,165,1,1,0,1,NA,0.678,1118.37,0.609403446,0.079429507,0.373779297,0.556732178,0.616462708,0.666728973,0.704815674,0.80153656
26,2022,257,1,2,1,0,NA,0.182,133.19,0.113557269,0.022280089,0.036758423,0.098251343,0.111560822,0.129436493,0.142562866,0.189239502
26,2023,157,1,1,NA,1,11,0.552,858.97,0.559259449,0.100708619,0.242240906,0.490377426,0.592876434,0.636785507,0.657530212,0.720405579
26,2023,265,1,2,NA,2,NA,0.29,397.01,0.209545368,0.02405573,0.122390747,0.194122314,0.2134552,0.226905823,0.237384033,0.258514404
27,2022,165,1,1,1,2,6,0.51,1763.51,0.438486956,0.122964977,0.203994751,0.34106636,0.445556641,0.533782959,0.601883698,0.68699646
27,2022,257,1,2,1,0,8,0.186,134.14,0.133032683,0.028434901,0.062278748,0.110477448,0.129699707,0.155910492,0.171264648,0.202064514
27,2023,157,1,1,NA,0,13,0.66,928.96,0.618926159,0.108494666,0.234695435,0.551784515,0.627342224,0.702453613,0.75511322,0.85823822
27,2023,265,1,2,NA,1,10,0.282,312.16,0.196764971,0.017294189,0.147033691,0.185232162,0.196136475,0.20662117,0.217880249,0.255401611
28,2022,165,1,1,0,1,NA,0.686,1005.79,0.648614739,0.151160252,0.255584717,0.550785065,0.676971436,0.779945374,0.819067383,0.874092102
28,2022,257,1,2,1,0,NA,0.134,18.72,0.073424262,0.02637519,0.015647888,0.054283142,0.068561554,0.0860672,0.110118866,0.16456604
28,2023,157,1,1,NA,1,14,0.596,746.85,0.594990583,0.087905501,0.300422668,0.534563065,0.611011505,0.668161392,0.696035767,0.736778259
28,2023,265,1,2,NA,1,NA,0.244,278.23,0.171424469,0.020548911,0.111228943,0.158672333,0.171096802,0.18573761,0.196662903,0.246902466
29,2022,165,1,1,1,1,7,0.764,906.18,0.706237887,0.133321858,0.335006714,0.631155014,0.737445831,0.810165405,0.851069641,0.912948608
29,2022,257,1,2,1,0,9,0.16,96.15,0.118396105,0.0184094,0.076690674,0.106298447,0.117191315,0.128967285,0.140060425,0.195915222
29,2023,157,1,1,NA,0,12,0.442,481.6,0.487098126,0.085396215,0.156547546,0.455121994,0.498760223,0.536870956,0.580628967,0.672103882
29,2023,265,1,2,NA,2,9,0.218,363.25,0.169076459,0.025454693,0.117668152,0.149673462,0.166160583,0.186134338,0.206848145,0.239402771
3,2022,165,1,1,1,1,NA,0.576,1261.25,0.502729621,0.08381407,0.319740295,0.450210571,0.509262085,0.562385559,0.60435791,0.696136475
3,2022,257,1,2,0,0,NA,0.228,189.54,0.150921214,0.032375715,0.037017822,0.132400513,0.155677795,0.172767639,0.190597534,0.21333313
3,2023,157,1,1,NA,1,12,0.54,857.32,0.573900963,0.175512276,0.193092346,0.437326431,0.600559235,0.697656631,0.804213715,0.916191101
3,2023,265,1,2,NA,2,NA,0.332,510.09,0.336842792,0.047746254,0.197891235,0.301902771,0.336959839,0.366943359,0.401153564,0.458183289
30,2022,165,1,1,0,0,NA,0.646,606.59,0.539494324,0.079236025,0.32383728,0.492389679,0.539134979,0.581262589,0.644535065,0.802436829
30,2022,257,1,2,0,0,NA,0.224,262.94,0.186838454,0.027867868,0.118049622,0.166942596,0.186408997,0.206668854,0.222489929,0.260147095
30,2023,157,1,1,NA,0,5,0.582,651.85,0.649744537,0.078404359,0.374542236,0.624853134,0.672969818,0.702411652,0.725585938,0.789489746
30,2023,265,1,2,NA,2,NA,0.268,374.21,0.204437946,0.021695173,0.148422241,0.188240051,0.204673767,0.22190094,0.233222961,0.249130249
31,2022,165,1,1,0,0,5,0.688,792.7,0.64039714,0.075121866,0.349899292,0.608230591,0.656326294,0.694700241,0.720523834,0.758781433
31,2022,257,1,2,1,2,4,0.246,565.87,0.256319946,0.045929204,0.153190613,0.219232559,0.250076294,0.288228989,0.324505615,0.374176025
31,2023,157,1,1,NA,0,5,0.674,870.42,0.613120314,0.0730214,0.345626831,0.575790405,0.625091553,0.672977448,0.695027161,0.754104614
31,2023,265,1,2,NA,2,4,0.31,690.71,0.278778074,0.052007152,0.19229126,0.23739624,0.262443542,0.32264328,0.363385773,0.40171051
32,2022,165,1,1,0,0,NA,0.79,789.76,0.702530396,0.085319677,0.456428528,0.646606445,0.686882019,0.743598938,0.828399658,0.959815979
32,2022,257,1,2,0,1,NA,0.286,381.11,0.253680961,0.071134203,0.087249756,0.205551147,0.242530823,0.29617691,0.371586609,0.417396545
32,2023,157,1,1,NA,0,4,0.756,1016.08,0.695332787,0.10811341,0.324424744,0.627788544,0.70841217,0.782138824,0.827157593,0.884811401
32,2023,265,1,2,NA,2,NA,0.262,435.79,0.24493027,0.042815708,0.128387451,0.222135544,0.243942261,0.268499374,0.303310394,0.383331299
33,2022,165,1,1,0,0,5,0.988,1079.28,0.712405355,0.114999001,0.405410767,0.629562378,0.707237244,0.797649384,0.872758484,0.957496643
33,2022,257,1,2,1,2,3,0.216,615.29,0.216718521,0.02830406,0.073356628,0.205055237,0.218345642,0.232658386,0.247543335,0.3309021
33,2023,157,1,1,NA,0,4,0.834,1100.03,0.827658902,0.149295103,0.317901611,0.726516724,0.848640442,0.947257996,0.998321533,1.087043762
33,2023,265,1,2,NA,2,3,0.34,595.62,0.309715785,0.042418927,0.190292358,0.287395477,0.304904938,0.328536987,0.364738464,0.439559937
34,2022,165,1,1,0,1,NA,0.366,939.44,0.358733954,0.059962929,0.192459106,0.323497772,0.3673172,0.397821426,0.432363129,0.490478516
34,2022,257,1,2,1,2,NA,0.264,585.06,0.244021237,0.067124586,0.050941467,0.191913605,0.245510101,0.302419662,0.332949829,0.373832703
34,2023,157,1,1,NA,1,7,0.504,814.95,0.578953823,0.081262441,0.325141907,0.520122528,0.583511353,0.644920349,0.688323975,0.737182617
34,2023,265,1,2,NA,2,NA,0.36,728.89,0.338682544,0.031132373,0.261146545,0.31502533,0.336448669,0.359527588,0.381611633,0.421539307
35,2022,165,1,1,1,2,4,0.318,844.81,0.387706029,0.092400836,0.166297913,0.323955536,0.397506714,0.467247009,0.501579285,0.537857056
35,2022,257,1,2,0,2,3,0.336,447.56,0.274263109,0.050249433,0.153404236,0.23718071,0.269321442,0.316884995,0.343202209,0.397003174
35,2023,157,1,1,NA,1,8,0.574,778.72,0.610540876,0.081797901,0.366470337,0.553352356,0.607807159,0.678874969,0.721749115,0.790100098
35,2023,265,1,2,NA,2,4,0.326,773.63,0.287563735,0.027971103,0.172111511,0.274374008,0.292644501,0.306251526,0.316264343,0.355918884
36,2022,165,1,1,0,1,NA,0.284,852.84,0.360463856,0.069931518,0.230041504,0.305580139,0.342086792,0.41425705,0.464080811,0.531654358
36,2022,257,1,2,1,1,NA,0.316,340.37,0.238082388,0.028477825,0.172775269,0.216842651,0.239181519,0.259235382,0.27460022,0.306365967
36,2023,265,1,2,NA,1,NA,0.324,677.94,0.338358289,0.031283799,0.247589111,0.317911148,0.340503693,0.361728668,0.377376556,0.409721375
37,2022,165,2,1,0,1,NA,0.4,933.81,0.471270931,0.096939943,0.200813293,0.403190613,0.479293823,0.544631958,0.592273712,0.695739746
37,2022,214,2,2,1,0,NA,0.092,32.4,0.061559996,0.036506017,0.010032654,0.034378052,0.049263,0.08769989,0.117904663,0.177612305
37,2022,257,2,3,0,0,NA,0.106,54.07,0.051179675,0.020141192,0.010009766,0.036214828,0.050598145,0.063768387,0.081112671,0.105674744
37,2023,157,2,1,NA,2,8,0.326,662.51,0.464101555,0.102957441,0.148727417,0.397972107,0.471878052,0.545791626,0.591680908,0.653160095
37,2023,221,2,2,NA,1,NA,0.246,238.66,0.254665595,0.041054631,0.134918213,0.225631714,0.25800705,0.285839081,0.303077698,0.351036072
37,2023,265,2,3,NA,0,NA,0.174,106.11,0.171675505,0.039836049,0.077186584,0.144218445,0.175949097,0.1978302,0.224165344,0.268264771
38,2022,165,2,1,0,0,8,0.684,741.5,0.638185382,0.071732585,0.252456665,0.614545822,0.648956299,0.678056717,0.708919525,0.870307922
38,2022,214,2,2,0,0,6,0.088,45.83,0.03602272,0.021312031,0.010055542,0.023046494,0.032512665,0.042074203,0.053704834,0.162055969
38,2022,257,2,3,0,0,10,0.1,40.37,0.043034762,0.015370295,0.010246277,0.031692505,0.042396545,0.054615021,0.063421631,0.083091736
38,2023,157,2,1,NA,1,16,0.564,832.41,0.674657328,0.085608709,0.399055481,0.612213135,0.68106842,0.748096466,0.78181839,0.845947266
38,2023,221,2,2,NA,0,17,0.248,189.85,0.216191081,0.037138602,0.144989014,0.187217712,0.212097168,0.243946075,0.270980835,0.305419922
38,2023,265,2,3,NA,0,12,0.162,103.51,0.133221214,0.023107932,0.049804688,0.117513657,0.134628296,0.148712158,0.161502838,0.198455811
39,2022,165,2,1,0,1,NA,0.658,921.28,0.540817579,0.05626083,0.384025574,0.501121521,0.5362854,0.577573776,0.61105957,0.72517395
39,2022,214,2,2,0,0,NA,0.068,17.95,0.034245,0.013390114,0.010025024,0.023845673,0.032875061,0.043769836,0.053257751,0.078590393
39,2022,257,2,3,0,0,NA,0.098,24.34,0.04452853,0.017563969,0.010055542,0.030757904,0.043865204,0.05664444,0.069026947,0.09085083
39,2023,157,2,1,NA,1,10,0.36,658.01,0.431033538,0.093020439,0.216583252,0.367835999,0.411727905,0.490716934,0.580619812,0.658584595
39,2023,221,2,2,NA,1,NA,0.234,121.24,0.178925111,0.024838016,0.120307922,0.161270142,0.177658081,0.19670105,0.21204834,0.253662109
39,2023,265,2,3,NA,0,NA,0.162,78.7,0.120668667,0.027786053,0.047424316,0.102544785,0.120948792,0.140317917,0.156676483,0.191917419
4,2022,165,1,1,0,1,8,0.56,1347.67,0.527509176,0.079533726,0.322990417,0.475854874,0.537345886,0.585496902,0.630180359,0.668464661
4,2022,257,1,2,0,0,6,0.232,202.19,0.149494932,0.030658445,0.069869995,0.126747131,0.146270752,0.173740387,0.18977356,0.245201111
4,2023,157,1,1,NA,1,7,0.644,862.54,0.656784907,0.083911883,0.304214478,0.613458633,0.666320801,0.714365005,0.74577713,0.815032959
4,2023,265,1,2,NA,2,9,0.316,297.43,0.247553802,0.034788172,0.134620667,0.226051331,0.249717712,0.271587372,0.292533875,0.327407837
40,2022,165,2,1,1,2,6,0.468,1012.77,0.468466245,0.144027559,0.104248047,0.382829666,0.45022583,0.593320847,0.665546417,0.735290527
40,2022,214,2,2,1,0,6,0.194,222.1,0.184299635,0.050138132,0.052764893,0.151796341,0.182548523,0.213962555,0.246012115,0.393173218
40,2022,257,2,3,0,1,5,0.158,135.93,0.107520414,0.029559215,0.041526794,0.085996628,0.10308075,0.123138428,0.148715973,0.198913574
40,2023,157,2,1,NA,0,5,0.592,733.3,0.5705033,0.061654082,0.349021912,0.535636902,0.578872681,0.613113403,0.641838074,0.708175659
40,2023,221,2,2,NA,1,8,0.33,308.22,0.24740192,0.035210122,0.168968201,0.22326088,0.240856171,0.266801834,0.292137146,0.389625549
40,2023,265,2,3,NA,2,8,0.182,136.89,0.111705463,0.027300345,0.010726929,0.098888397,0.114059448,0.127910614,0.144393921,0.175308228
41,2022,165,2,1,0,2,NA,0.642,912.82,0.522398144,0.096448783,0.231941223,0.452537537,0.515129089,0.597816467,0.648405457,0.829338074
41,2022,214,2,2,0,0,NA,0.248,256.28,0.224384133,0.020858858,0.116668701,0.209064484,0.227428436,0.239238739,0.248885345,0.274414063
41,2022,257,2,3,0,1,NA,0.142,103.66,0.085205277,0.0229652,0.035423279,0.06804657,0.081359863,0.100982666,0.116716003,0.158615112
41,2023,157,2,1,NA,0,4,0.608,651.73,0.561208426,0.081417713,0.210525513,0.520536423,0.563587189,0.604179382,0.660247803,0.765075684
41,2023,221,2,2,NA,2,NA,0.302,287.14,0.180077159,0.034894827,0.08001709,0.155418396,0.177764893,0.209470749,0.225104523,0.264701843
41,2023,265,2,3,NA,2,NA,0.166,111.6,0.10257743,0.023801583,0.041229248,0.085243225,0.10326004,0.119562149,0.130560303,0.185188293
42,2022,165,2,1,0,2,5,0.28,737.5,0.302699134,0.060063141,0.150604248,0.259140015,0.302345276,0.349403381,0.378192139,0.441696167
42,2022,214,2,2,1,0,5,0.14,107.01,0.11801285,0.035570299,0.023460388,0.093139648,0.114883423,0.138406754,0.162729645,0.257591248
42,2022,257,2,3,1,2,4,0.144,109.81,0.092460146,0.024795644,0.032676697,0.076034546,0.091697693,0.107460022,0.123921204,0.188362122
42,2023,157,2,1,NA,0,6,0.68,1104.73,0.712517455,0.068881524,0.404327393,0.674610138,0.723155975,0.762243271,0.786255646,0.843399048
42,2023,221,2,2,NA,2,6,0.31,504.02,0.17834042,0.042489457,0.069763184,0.15096283,0.174331665,0.208255768,0.226615906,0.310020447
42,2023,265,2,3,NA,1,10,0.18,119.14,0.098375781,0.027972619,0.015258789,0.082206726,0.102878571,0.117948532,0.129035187,0.186523438
43,2022,165,2,1,0,2,NA,0.438,835.85,0.472679242,0.083626459,0.200843811,0.4255867,0.468158722,0.518672943,0.597141266,0.670417786
43,2022,214,2,2,1,0,NA,0.114,72.52,0.078112192,0.021771388,0.03263855,0.064804077,0.075798035,0.087226868,0.106864929,0.164924622
43,2022,257,2,3,0,0,NA,0.11,28.6,0.061279028,0.016508309,0.011222839,0.050876617,0.059173584,0.070404053,0.081731415,0.127700806
43,2023,157,2,1,NA,0,11,0.576,778.21,0.59994059,0.076976854,0.398429871,0.552066803,0.606872559,0.652133942,0.69337616,0.784507751
43,2023,221,2,2,NA,0,NA,0.206,186.45,0.090288858,0.027489237,0.03326416,0.070522308,0.087760925,0.106777191,0.123973083,0.19102478
43,2023,265,2,3,NA,0,NA,0.152,97.72,0.082874973,0.01441585,0.029647827,0.073486328,0.083759308,0.093742371,0.100971222,0.114898682
44,2022,165,2,1,1,2,6,0.412,1326.21,0.521361279,0.074086689,0.281303406,0.494125366,0.542419434,0.57466507,0.597610474,0.654724121
44,2022,214,2,2,1,0,7,0.088,44.77,0.071659354,0.02050772,0.015083313,0.058486938,0.072307587,0.084064484,0.096376038,0.146316528
44,2022,257,2,3,0,0,9,0.132,59.1,0.091726891,0.018895247,0.043106079,0.078023911,0.093288422,0.104553223,0.117045593,0.133110046
44,2023,157,2,1,NA,0,11,0.518,886.32,0.51128551,0.128534197,0.208534241,0.415815353,0.511993408,0.604335785,0.668834686,0.830039978
44,2023,221,2,2,NA,1,14,0.22,168.43,0.087622309,0.023865702,0.036422729,0.073326111,0.087425232,0.099685669,0.113783264,0.242485046
44,2023,265,2,3,NA,2,8,0.174,101.39,0.102197514,0.018628353,0.036567688,0.091007233,0.100345612,0.11378479,0.127689362,0.17010498
45,2022,165,2,1,1,2,NA,0.39,1523.87,0.457783001,0.049596224,0.30279541,0.420289993,0.458049774,0.499494553,0.521682739,0.583267212
45,2022,214,2,2,0,0,NA,0.102,54.01,0.060554792,0.027666021,0.010002136,0.040245056,0.058654785,0.079170227,0.093904114,0.173965454
45,2022,257,2,3,0,0,NA,0.116,40.19,0.069061879,0.016842678,0.026290894,0.057350159,0.069007874,0.081573486,0.091029358,0.120796204
45,2023,157,2,1,NA,0,14,0.484,1010.66,0.565610489,0.077800218,0.365653992,0.509109497,0.579284668,0.62184906,0.66349411,0.727554321
45,2023,221,2,2,NA,1,NA,0.218,157.46,0.078687834,0.022336651,0.028327942,0.062250137,0.076206207,0.093416214,0.111338043,0.142814636
45,2023,265,2,3,NA,1,NA,0.154,84.58,0.081110686,0.020267525,0.028816223,0.06905365,0.082855225,0.093833923,0.104563904,0.136383057
46,2022,165,2,1,0,0,8,0.676,842.13,0.613116556,0.145970611,0.193161011,0.516090393,0.650749207,0.730102539,0.771331787,0.816413879
46,2022,214,2,2,1,0,7,0.09,40.38,0.022595816,0.009611121,0.010017395,0.014951706,0.020812988,0.028186798,0.034489441,0.078468323
46,2022,257,2,3,1,0,9,0.096,14.53,0.039302049,0.014708356,0.010040283,0.028945923,0.03931427,0.048484802,0.057679749,0.139625549
46,2023,157,2,1,NA,0,10,0.548,741.61,0.460847954,0.094288071,0.191902161,0.404577255,0.471225739,0.53162384,0.571588135,0.61932373
46,2023,221,2,2,NA,1,13,0.22,149.47,0.106388969,0.055138924,0.010299683,0.058458328,0.089015961,0.158275604,0.188362122,0.231834412
46,2023,265,2,3,NA,0,10,0.144,41.94,0.058910075,0.024765141,0.010253906,0.040187836,0.056976318,0.074008942,0.095613861,0.131195068
47,2022,165,2,1,0,0,NA,0.53,887.2,0.591608074,0.16736443,0.149116516,0.486570358,0.616840363,0.726650238,0.797937775,0.862380981
47,2022,214,2,2,0,0,NA,0.104,98.14,0.079439466,0.023847149,0.01663208,0.063510895,0.080757141,0.096061707,0.110057068,0.143386841
47,2022,257,2,3,1,0,NA,0.138,72.68,0.103850593,0.02828922,0.040359497,0.081558228,0.09954834,0.12776947,0.141999817,0.175514221
47,2023,157,2,1,NA,0,10,0.572,709.16,0.608760586,0.073967316,0.26361084,0.57440567,0.605384827,0.667346954,0.698025513,0.725906372
47,2023,221,2,2,NA,1,NA,0.188,181.49,0.088123244,0.022823235,0.041168213,0.071231842,0.085475922,0.104679108,0.11980896,0.147789001
47,2023,265,2,3,NA,2,NA,0.16,161.64,0.083654094,0.027768681,0.024993896,0.06321907,0.081645966,0.105638504,0.121326447,0.173667908
48,2022,165,2,1,0,1,4,0.51,850.8,0.483130506,0.100951386,0.208976746,0.41655159,0.495250702,0.554197311,0.607418823,0.690719604
48,2022,214,2,2,0,0,6,0.104,119.58,0.090666491,0.027124044,0.033988953,0.069900513,0.088485718,0.109996796,0.129951477,0.162643433
48,2022,257,2,3,1,0,7,0.152,74.67,0.117468764,0.015875875,0.057151794,0.105010986,0.119766235,0.129901886,0.136689758,0.152359009
48,2023,157,2,1,NA,0,10,0.54,945.39,0.541747582,0.069203873,0.36530304,0.497814178,0.542854309,0.582759857,0.634243774,0.723899841
48,2023,221,2,2,NA,2,8,0.202,281.7,0.130906176,0.024324759,0.056236267,0.116916656,0.13218689,0.146474838,0.161128998,0.203712463
48,2023,265,2,3,NA,1,5,0.158,107,0.083454454,0.020555284,0.010032654,0.072547913,0.088470459,0.097114563,0.105741882,0.121292114
49,2022,165,2,1,0,1,NA,0.58,901.67,0.475865129,0.10344128,0.250030518,0.395633698,0.50504303,0.563907623,0.585472107,0.647926331
49,2022,214,2,2,0,0,NA,0.262,266.14,0.257517844,0.0227481,0.16985321,0.244789124,0.259910583,0.273283005,0.284282684,0.310493469
49,2022,257,2,3,0,1,NA,0.162,122.69,0.129840347,0.025619633,0.083610535,0.110157013,0.123184204,0.148715973,0.165492249,0.218940735
49,2023,157,2,1,NA,0,6,0.558,1086.5,0.574442716,0.09633087,0.247428894,0.542755127,0.596229553,0.629928589,0.669998169,0.769485474
49,2023,221,2,2,NA,0,NA,0.366,343.75,0.274757815,0.028497331,0.205596924,0.251480103,0.275878906,0.29467392,0.314811707,0.34437561
49,2023,265,2,3,NA,2,NA,0.16,105.94,0.108049955,0.029854476,0.022476196,0.089313507,0.105407715,0.124858856,0.150186157,0.191566467
5,2022,165,1,1,1,2,NA,0.434,1150.66,0.403557723,0.092046912,0.137283325,0.355068207,0.407119751,0.45949173,0.511408997,0.639961243
5,2022,257,1,2,1,0,NA,0.18,436.76,0.171839717,0.04435978,0.080238342,0.141956329,0.162010193,0.194320679,0.232521057,0.340339661
5,2023,157,1,1,NA,0,5,0.662,788.11,0.612210955,0.07414852,0.380477905,0.570980072,0.624099731,0.664329529,0.700881958,0.75541687
5,2023,265,1,2,NA,2,NA,0.292,607.64,0.25392485,0.06005563,0.097206116,0.218667984,0.24753952,0.286632538,0.343238831,0.405128479
50,2022,165,2,1,0,0,5,0.654,577.9,0.563364408,0.066863311,0.331474304,0.516899109,0.571720123,0.61296463,0.645069885,0.706329346
50,2022,214,2,2,0,0,3,0.292,259.15,0.299301602,0.024616214,0.230201721,0.280572891,0.298423767,0.318080902,0.333509827,0.356971741
50,2022,257,2,3,0,2,3,0.186,139.16,0.17629373,0.029665312,0.09602356,0.154275894,0.174224854,0.195825577,0.219777679,0.258148193
50,2023,157,2,1,NA,0,4,0.592,678.19,0.603162755,0.075869795,0.387779236,0.545879364,0.598442078,0.653591156,0.708770752,0.799430847
50,2023,221,2,2,NA,2,5,0.31,333.37,0.248038003,0.044806734,0.123214722,0.215950012,0.248527527,0.28087616,0.305895233,0.349121094
50,2023,265,2,3,NA,1,5,0.176,109.75,0.135853238,0.020994018,0.079971313,0.120473862,0.133052826,0.151441574,0.164755249,0.198776245
51,2022,165,2,1,0,0,NA,0.596,659.63,0.570834415,0.079600106,0.291931152,0.527421951,0.587982178,0.630872726,0.653374481,0.689163208
51,2022,214,2,2,0,0,NA,0.246,253.48,0.241794896,0.029867377,0.160560608,0.218658447,0.239646912,0.263542175,0.2840271,0.323181152
51,2022,257,2,3,0,2,NA,0.144,108.22,0.120287198,0.017876617,0.061408997,0.107580185,0.123241425,0.133483887,0.141993713,0.161224365
51,2023,157,2,1,NA,0,4,0.56,790.79,0.438531999,0.069296961,0.204711914,0.395248413,0.432243347,0.471126556,0.540821075,0.634544373
51,2023,221,2,2,NA,2,NA,0.308,324.96,0.216660593,0.0245442,0.149246216,0.200088501,0.215431213,0.232650757,0.250123596,0.284767151
51,2023,265,2,3,NA,2,NA,0.154,117.16,0.142903426,0.05462542,0.015609741,0.104438782,0.128547668,0.168525696,0.214355469,0.325286865
52,2022,165,2,1,0,2,4,0.278,996.34,0.302184049,0.037115656,0.210487366,0.275211334,0.303451538,0.328556061,0.349958801,0.401290894
52,2022,214,2,2,1,0,3,0.154,236.38,0.126530557,0.03315789,0.034362793,0.108669281,0.125534058,0.1443367,0.170005798,0.220031738
52,2022,257,2,3,1,2,2,0.18,197.87,0.13745442,0.02185508,0.069587708,0.12311554,0.135314941,0.15096283,0.165351868,0.213562012
52,2023,157,2,1,NA,0,4,0.526,745.74,0.584601583,0.068543212,0.323249817,0.534065247,0.582000732,0.644470215,0.671078491,0.731338501
52,2023,221,2,2,NA,2,4,0.258,395.85,0.176700518,0.047273268,0.091667175,0.137893677,0.174354553,0.207374573,0.242936707,0.29826355
52,2023,265,2,3,NA,2,4,0.178,194.22,0.115835877,0.036638441,0.028503418,0.084135056,0.117923737,0.146705627,0.164146423,0.198234558
53,2022,165,2,1,0,1,NA,0.282,795.96,0.2719163,0.057384475,0.11730957,0.238025665,0.268180847,0.309383392,0.351730347,0.424263
53,2022,214,2,2,1,0,NA,0.154,166.88,0.117382486,0.041325298,0.010612488,0.091194153,0.114906311,0.150058746,0.170887756,0.225654602
53,2022,257,2,3,0,2,NA,0.184,185.66,0.1247186,0.040033771,0.010169983,0.098579407,0.122581482,0.153594971,0.179464722,0.242637634
53,2023,157,2,1,NA,0,6,0.466,879.88,0.541302906,0.085547776,0.281318665,0.480241776,0.553604126,0.601947784,0.64978714,0.706375122
53,2023,221,2,2,NA,1,NA,0.34,473.72,0.242087802,0.050974794,0.086158752,0.209945679,0.25851059,0.281761169,0.295162201,0.332710266
53,2023,265,2,3,NA,2,NA,0.168,160.73,0.107739761,0.035510457,0.010673523,0.080663681,0.114459991,0.135002136,0.150563049,0.182807922
54,2022,165,2,1,0,1,5,0.2,922.73,0.337437987,0.075097113,0.186813354,0.27986908,0.324375153,0.383861542,0.454642487,0.532478333
54,2022,214,2,2,1,0,4,0.214,217.21,0.206994723,0.060486116,0.069473267,0.163911819,0.20135498,0.256118774,0.288207245,0.376075745
54,2022,257,2,3,0,2,5,0.146,76.38,0.11862755,0.042535827,0.047874451,0.095787048,0.111427307,0.126228333,0.161071777,0.469543457
54,2023,221,2,2,NA,2,5,0.312,540.95,0.287759338,0.035167044,0.207168579,0.263462067,0.284889221,0.310165405,0.336564636,0.395927429
54,2023,265,2,3,NA,2,7,0.184,225.59,0.170395587,0.021514712,0.117301941,0.154485703,0.167167664,0.181613922,0.2038414,0.238327026
55,2022,165,2,1,1,0,5,0.486,743.59,0.489614514,0.105888529,0.281799316,0.417425156,0.469730377,0.575967789,0.652519989,0.708404541
55,2022,214,2,2,1,0,5,0.12,92.38,0.094610656,0.045729623,0.010108948,0.058517456,0.097969055,0.129894257,0.153630066,0.203590393
55,2022,257,2,3,1,2,6,0.128,89.87,0.08051459,0.028840174,0.010742188,0.060098648,0.079948425,0.099750519,0.123567963,0.149726868
55,2023,157,2,1,NA,2,9,0.64,910.72,0.615606152,0.104084935,0.277435303,0.535171509,0.625099182,0.7022686,0.751360321,0.809524536
55,2023,221,2,2,NA,1,10,0.304,302.13,0.254143412,0.049116394,0.144233704,0.215751648,0.247306824,0.294622421,0.324501038,0.365219116
55,2023,265,2,3,NA,1,10,0.164,101.37,0.139842437,0.034149334,0.04750061,0.115756989,0.13785553,0.160243988,0.183940125,0.24520874
56,2022,165,2,1,0,0,NA,0.576,970.87,0.591940468,0.098944955,0.264030457,0.528064728,0.590881348,0.67432785,0.72638092,0.78868103
56,2022,214,2,2,0,0,NA,0.058,41.57,0.03402613,0.017233931,0.010017395,0.021934509,0.031707764,0.042015076,0.052536011,0.110588074
56,2022,257,2,3,0,0,NA,0.116,53.91,0.059127767,0.019311469,0.013122559,0.045284271,0.059108734,0.070920944,0.083414459,0.122940063
56,2023,157,2,1,NA,2,10,0.524,905.39,0.553684158,0.146568857,0.204101563,0.44424057,0.557037354,0.663551331,0.725431824,0.959266663
56,2023,221,2,2,NA,1,NA,0.284,371.74,0.255384315,0.046390498,0.180343628,0.223371506,0.244251251,0.270107269,0.335954285,0.427352905
56,2023,265,2,3,NA,0,NA,0.184,78.39,0.164534165,0.026454036,0.096763611,0.147384644,0.166507721,0.180206299,0.195343018,0.248916626
57,2022,165,2,1,0,2,9,0.48,969.62,0.471403563,0.073105033,0.291763306,0.405006409,0.482826233,0.536003113,0.562034607,0.589668274
57,2022,214,2,2,0,0,7,0.076,49.2,0.052605892,0.028983922,0.010147095,0.032056808,0.043849945,0.07378006,0.098682404,0.126243591
57,2022,257,2,3,1,0,9,0.112,39.37,0.056235351,0.016413975,0.019729614,0.044502258,0.054649353,0.065441132,0.076472473,0.114006042
57,2023,157,2,1,NA,2,12,0.584,881.92,0.571770928,0.133252351,0.182296753,0.466018677,0.606666565,0.670372009,0.715760803,0.810386658
57,2023,221,2,2,NA,2,9,0.252,309.06,0.183013084,0.028925347,0.107765198,0.160453796,0.182952881,0.202339172,0.220201111,0.261436462
57,2023,265,2,3,NA,0,11,0.192,104.73,0.130459527,0.028775528,0.03490448,0.113250732,0.136940002,0.151054382,0.16244812,0.186248779
58,2022,165,2,1,0,1,NA,0.59,909.96,0.509631178,0.095323145,0.28037262,0.431201935,0.517333984,0.593803406,0.630117798,0.701629639
58,2022,214,2,2,0,0,NA,0.302,319.73,0.275349213,0.031305893,0.165962219,0.254699707,0.271068573,0.298440933,0.318353271,0.361732483
58,2022,257,2,3,0,1,NA,0.186,177.1,0.110477471,0.041902736,0.014633179,0.07727623,0.11151123,0.14002037,0.166345978,0.230773926
58,2023,157,2,1,NA,0,7,0.644,550.39,0.568257834,0.113803681,0.133712769,0.505767822,0.609699249,0.649997711,0.676597595,0.743804932
58,2023,221,2,2,NA,2,NA,0.338,794.2,0.228063462,0.046349879,0.120780945,0.197185516,0.223434448,0.257793427,0.304504395,0.340538025
58,2023,265,2,3,NA,0,NA,0.204,174.51,0.116853873,0.041543525,0.012763977,0.090518951,0.112033844,0.139522552,0.177383423,0.224617004
59,2022,165,2,1,0,2,5,0.576,620.63,0.470875601,0.080587524,0.202331543,0.421346664,0.481178284,0.538492203,0.563535309,0.606552124
59,2022,214,2,2,0,0,3,0.226,232.99,0.229112727,0.034267045,0.128318787,0.208564758,0.230506897,0.250177383,0.269908905,0.316238403
59,2022,257,2,3,0,2,3,0.168,152.93,0.122003144,0.019736115,0.047637939,0.111228943,0.124259949,0.136312485,0.14526062,0.162651062
59,2023,157,2,1,NA,0,5,0.446,569.91,0.43960092,0.063117885,0.19039917,0.391937256,0.453773499,0.485927582,0.508673096,0.575393677
59,2023,221,2,2,NA,1,2,0.33,556.84,0.253803111,0.04233728,0.175140381,0.222343445,0.247081757,0.279811859,0.315676117,0.374084473
59,2023,265,2,3,NA,2,3,0.204,189.56,0.1347352,0.030494669,0.010414124,0.116973877,0.135623932,0.153530121,0.167551422,0.232543945
6,2022,165,1,1,1,1,5,0.394,1150.72,0.402206565,0.059673534,0.239219666,0.362373352,0.402000427,0.445831299,0.480490112,0.552612305
6,2022,257,1,2,1,1,4,0.266,370.47,0.185321852,0.056026417,0.012329102,0.145469666,0.180885315,0.222759247,0.262854004,0.324630737
6,2023,157,1,1,NA,0,5,0.684,858.97,0.684695212,0.051877589,0.52117157,0.654315948,0.688877106,0.719198227,0.747987366,0.823616028
6,2023,265,1,2,NA,2,4,0.34,500.27,0.27409097,0.05589151,0.11125946,0.234142303,0.27281189,0.319480896,0.347041321,0.419311523
60,2022,165,2,1,1,1,NA,0.276,821.46,0.336045329,0.065838886,0.147163391,0.295452118,0.327720642,0.383201599,0.422845459,0.56477356
60,2022,214,2,2,1,0,NA,0.148,123.31,0.126580862,0.026470592,0.03754425,0.110347748,0.125881195,0.141143799,0.161366272,0.200378418
60,2022,257,2,3,1,1,NA,0.172,124.03,0.109125065,0.022493078,0.04524231,0.094367981,0.111030579,0.125366211,0.136116028,0.173110962
60,2023,157,2,1,NA,2,6,0.544,617.59,0.532039914,0.115065852,0.224334717,0.468318939,0.53515625,0.626514435,0.671858978,0.774894714
60,2023,221,2,2,NA,2,NA,0.316,487.13,0.194718421,0.034689665,0.097007751,0.169456482,0.196239471,0.220010757,0.238231659,0.292320251
60,2023,265,2,3,NA,0,NA,0.19,80.08,0.103163029,0.02707087,0.011054993,0.091060638,0.106472015,0.117834091,0.131358337,0.18547821
61,2022,165,2,1,0,2,8,0.5,977.13,0.53249001,0.09949299,0.273590088,0.464347839,0.533981323,0.624761581,0.657062531,0.714927673
61,2022,214,2,2,1,0,6,0.096,45.7,0.063521914,0.022752678,0.010375977,0.048290253,0.063461304,0.077442169,0.094753265,0.13142395
61,2022,257,2,3,1,0,6,0.12,45.12,0.074921685,0.02231695,0.022796631,0.056863785,0.07408905,0.091054916,0.105773163,0.140403748
61,2023,157,2,1,NA,1,12,0.556,843.37,0.576256631,0.139453379,0.252784729,0.503238678,0.567409515,0.687112808,0.766413116,0.838226318
61,2023,221,2,2,NA,2,10,0.238,245.1,0.124672121,0.023356126,0.042739868,0.108898163,0.126194,0.140384674,0.151866913,0.193084717
61,2023,265,2,3,NA,0,9,0.176,64.37,0.09790178,0.027362076,0.018821716,0.080993652,0.099571228,0.117828369,0.130758667,0.167388916
62,2022,165,2,1,1,2,NA,0.52,1129.11,0.531181803,0.097958725,0.301094055,0.47618103,0.514770508,0.590343475,0.683418274,0.776756287
62,2022,214,2,2,1,0,NA,0.1,62.92,0.071042398,0.024371184,0.010124207,0.053752899,0.071060181,0.087268829,0.103575134,0.163772583
62,2022,257,2,3,1,0,NA,0.12,54.13,0.067600789,0.022261651,0.010635376,0.050626755,0.071929932,0.083234787,0.091710663,0.138145447
62,2023,157,2,1,NA,2,11,0.628,808.05,0.592047697,0.087775843,0.216300964,0.55831337,0.60483551,0.648460388,0.695465088,0.747138977
62,2023,221,2,2,NA,2,NA,0.21,224.72,0.097681363,0.0186342,0.05078125,0.085044861,0.095672607,0.10836792,0.119625854,0.185142517
62,2023,265,2,3,NA,0,NA,0.168,50.52,0.076992165,0.022838141,0.014480591,0.058616638,0.077796936,0.093505859,0.107821655,0.138214111
63,2022,165,2,1,1,1,10,0.644,889.96,0.574195468,0.115701766,0.290435791,0.496696472,0.577804565,0.662132263,0.717805481,0.847877502
63,2022,214,2,2,0,0,8,0.1,67.07,0.081539931,0.019977493,0.031066895,0.066745758,0.082397461,0.095443726,0.107391357,0.133155823
63,2022,257,2,3,1,0,10,0.102,29.31,0.067702384,0.014611586,0.010391235,0.058872223,0.068473816,0.076950073,0.084866333,0.124397278
63,2023,157,2,1,NA,0,15,0.62,781.09,0.57324741,0.07366113,0.369483948,0.53130722,0.571090698,0.616546631,0.675937653,0.76890564
63,2023,221,2,2,NA,2,11,0.274,462.79,0.176644425,0.036806247,0.07598114,0.151054382,0.175247192,0.202774048,0.228138733,0.269203186
63,2023,265,2,3,NA,0,8,0.208,129.02,0.133029572,0.033239094,0.015830994,0.11485672,0.131011963,0.158771515,0.173377991,0.217437744
64,2022,165,2,1,0,1,NA,0.798,1059.56,0.680079749,0.122656151,0.342193604,0.586990356,0.700378418,0.7838974,0.820608521,0.889984131
64,2022,214,2,2,1,0,NA,0.088,40.19,0.036094852,0.01866624,0.01008606,0.023803711,0.033222198,0.044511795,0.053504944,0.122955322
64,2022,257,2,3,1,0,NA,0.114,59.79,0.054945868,0.02120462,0.01108551,0.040130615,0.051437378,0.067129135,0.086808014,0.118263245
64,2023,157,2,1,NA,0,12,0.756,614.64,0.539368856,0.119993189,0.225318909,0.442686081,0.553096771,0.642459869,0.685838318,0.774101257
64,2023,221,2,2,NA,1,NA,0.228,245.05,0.115163272,0.020694876,0.060501099,0.099838257,0.11296463,0.129838943,0.144125366,0.176879883
64,2023,265,2,3,NA,0,NA,0.132,43.89,0.067351795,0.035920038,0.010017395,0.036989212,0.061527252,0.097427368,0.118448639,0.157836914
65,2022,165,2,1,0,2,8,0.474,578.57,0.476289669,0.115613334,0.243972778,0.391147614,0.472686768,0.574890137,0.630148315,0.72000885
65,2022,214,2,2,0,0,7,0.102,161.81,0.078500596,0.024534665,0.011756897,0.061828613,0.077259064,0.096149445,0.113288116,0.145339966
65,2022,257,2,3,1,1,5,0.152,132.06,0.104112122,0.029789661,0.016357422,0.083747864,0.10282135,0.12512207,0.146405029,0.171035767
65,2023,157,2,1,NA,0,9,0.658,902.97,0.531845312,0.068099072,0.292831421,0.494758606,0.539154053,0.580680847,0.614163208,0.66166687
65,2023,221,2,2,NA,2,9,0.246,439.97,0.128220191,0.030609404,0.012191772,0.115943909,0.133262634,0.1485672,0.158961487,0.185661316
65,2023,265,2,3,NA,0,8,0.196,146.31,0.100659666,0.043977986,0.010276794,0.068191528,0.096115112,0.139274597,0.160943604,0.194641113
66,2022,165,2,1,0,1,NA,0.424,838.59,0.406439073,0.070019337,0.207839966,0.356987,0.423751831,0.465171814,0.482388306,0.52167511
66,2022,214,2,2,0,0,NA,0.146,169.09,0.114501453,0.025044192,0.043685913,0.09876442,0.115219116,0.13286972,0.147570038,0.171417236
66,2022,257,2,3,1,1,NA,0.188,150,0.140453557,0.02241633,0.04335022,0.126022339,0.142059326,0.155897141,0.16882019,0.203018188
66,2023,157,2,1,NA,0,8,0.578,668.57,0.519601188,0.074830401,0.32975769,0.455976486,0.541568756,0.57919693,0.602492523,0.676208496
66,2023,221,2,2,NA,2,NA,0.242,507.5,0.169260659,0.023955334,0.072479248,0.157218933,0.170318604,0.185417175,0.198742676,0.230453491
66,2023,265,2,3,NA,0,NA,0.204,121.01,0.105714772,0.041898917,0.01222229,0.082206726,0.106834412,0.128097534,0.167274475,0.205093384
67,2022,165,2,1,0,0,3,0.552,458.74,0.491436409,0.075522655,0.333099365,0.434354782,0.484962463,0.527963638,0.607115936,0.715293884
67,2022,214,2,2,0,0,2,0.306,248.32,0.265576444,0.062592319,0.130584717,0.209266663,0.264732361,0.319732666,0.348770142,0.384590149
67,2022,257,2,3,1,2,3,0.224,165.97,0.16264353,0.033709972,0.044418335,0.148460388,0.166282654,0.181892395,0.199804688,0.246170044
67,2023,157,2,1,NA,1,5,0.578,937.01,0.514152546,0.08968139,0.133575439,0.46229744,0.522525787,0.578224182,0.619249725,0.690185547
67,2023,221,2,2,NA,1,7,0.288,556.71,0.228505775,0.04312348,0.10774231,0.19846344,0.237472534,0.260498047,0.279229736,0.341918945
67,2023,265,2,3,NA,2,4,0.242,152.87,0.139802251,0.043039702,0.011360168,0.112318039,0.144897461,0.173751831,0.189113617,0.231140137
68,2022,165,2,1,0,0,NA,0.736,848.3,0.563317107,0.059598119,0.402519226,0.525421143,0.563201904,0.607269287,0.631690979,0.731773376
68,2022,214,2,2,0,0,NA,0.236,207.55,0.199251927,0.040431936,0.111038208,0.168813705,0.194652557,0.233795166,0.253900909,0.297393799
68,2022,257,2,3,0,0,NA,0.24,171.21,0.173226486,0.038483495,0.070228577,0.1419487,0.176078796,0.202716827,0.222515869,0.272789001
68,2023,157,2,1,NA,2,6,0.632,595.05,0.472517491,0.164460042,0.011047363,0.370138168,0.525936127,0.601243973,0.637319946,0.71245575
68,2023,221,2,2,NA,2,NA,0.334,500.89,0.192520942,0.043746564,0.097702026,0.156869888,0.196006775,0.227344513,0.246917725,0.307609558
68,2023,265,2,3,NA,0,NA,0.27,146.58,0.131741968,0.046681291,0.034965515,0.098480225,0.124961853,0.170463562,0.200416565,0.222816467
69,2022,165,2,1,0,0,3,0.788,434.96,0.612016114,0.052954535,0.417793274,0.583278656,0.623222351,0.650119781,0.669821167,0.702713013
69,2022,214,2,2,0,0,2,0.372,316.97,0.382415636,0.040107621,0.206413269,0.369142532,0.39232254,0.407423019,0.423189545,0.454429626
69,2022,257,2,3,0,0,3,0.286,182.03,0.250812456,0.052114162,0.04851532,0.236526489,0.26638031,0.285507202,0.296240234,0.325370789
69,2023,157,2,1,NA,0,4,0.786,1044.99,0.495091428,0.250640443,0.011940002,0.286813736,0.520961761,0.721881866,0.817125702,0.973632813
69,2023,221,2,2,NA,2,4,0.254,481.19,0.203082649,0.045996021,0.102912903,0.162158966,0.206676483,0.23815918,0.26526947,0.303153992
69,2023,265,2,3,NA,0,5,0.288,146.91,0.21445543,0.072043544,0.022888184,0.163322449,0.220870972,0.276931763,0.302989197,0.32610321
7,2022,165,1,1,1,1,NA,0.538,1467.72,0.472576841,0.084853998,0.266014099,0.420547485,0.485069275,0.541795731,0.572681427,0.621551514
7,2022,257,1,2,1,0,NA,0.306,289.34,0.233007379,0.046283239,0.101730347,0.199493408,0.228553772,0.272041321,0.2983078,0.325523376
7,2023,157,1,1,NA,2,7,0.418,841.52,0.639685932,0.057465972,0.493103027,0.601547241,0.626594543,0.671619415,0.729618835,0.816108704
7,2023,265,1,2,NA,2,NA,0.302,425.36,0.247057367,0.047868428,0.102661133,0.216094971,0.256057739,0.281539917,0.300256348,0.340843201
70,2022,165,2,1,0,0,NA,0.646,864.66,0.55690977,0.103156314,0.174514771,0.495937347,0.568870544,0.634876251,0.676303101,0.745903015
70,2022,214,2,2,0,0,NA,0.184,210.71,0.164069022,0.024937901,0.083480835,0.146175385,0.162612915,0.180480957,0.197486877,0.25453186
70,2022,257,2,3,0,1,NA,0.176,169.95,0.133428446,0.027982998,0.051048279,0.115022659,0.133014679,0.155622482,0.1697258,0.207267761
70,2023,157,2,1,NA,0,6,0.772,801.66,0.709330406,0.048345065,0.575737,0.681488037,0.709125519,0.735183716,0.776108551,0.855300903
70,2023,221,2,2,NA,2,NA,0.32,490.1,0.217556721,0.041000737,0.109672546,0.194343567,0.212554932,0.237037659,0.269970703,0.347297668
70,2023,265,2,3,NA,0,NA,0.178,144.33,0.115778361,0.028848813,0.013801575,0.098581314,0.116569519,0.135169983,0.150669098,0.203048706
71,2022,165,2,1,0,2,5,0.304,1120.37,0.351175528,0.048203741,0.236450195,0.317525864,0.34450531,0.382797241,0.417713928,0.503807068
71,2022,214,2,2,0,0,6,0.176,211.12,0.122202327,0.037959773,0.02482605,0.100887299,0.117263794,0.138849258,0.166549683,0.269477844
71,2022,257,2,3,1,2,NA,0.18,83.17,0.095252953,0.020601163,0.040794373,0.081560135,0.096149445,0.109550476,0.121588135,0.150985718
71,2023,157,2,1,NA,2,8,0.586,1184.32,0.59111004,0.113359086,0.25894928,0.508525848,0.624389648,0.681747437,0.716435242,0.764160156
71,2023,221,2,2,NA,1,9,0.326,561.99,0.24981834,0.040947066,0.128761292,0.221391678,0.250267029,0.277383804,0.306626892,0.351280212
71,2023,265,2,3,NA,1,8,0.206,132.06,0.119774929,0.028541684,0.026977539,0.103752136,0.121734619,0.137458801,0.15521698,0.199363708
72,2022,165,2,1,0,2,NA,0.27,1056.12,0.245274326,0.101399044,0.098709106,0.181192398,0.207267761,0.289373398,0.418672943,0.522819519
72,2022,214,2,2,1,0,NA,0.208,207.37,0.213362325,0.048635969,0.093681335,0.178646088,0.20772934,0.246446609,0.278913879,0.351356506
72,2022,257,2,3,1,1,NA,0.17,220.25,0.134311054,0.047517216,0.053207397,0.098638535,0.123020172,0.16065979,0.202501678,0.277442932
72,2023,221,2,2,NA,2,NA,0.386,869.73,0.372648541,0.036390272,0.254089355,0.34961319,0.377128601,0.397644043,0.415725708,0.455665588
72,2023,265,2,3,NA,2,NA,0.212,185.94,0.181140764,0.028482055,0.101066589,0.164054871,0.183227539,0.201305389,0.217730713,0.25151825
73,2022,136,3,1,0,0,NA,0.292,317.28,0.183988467,0.054901519,0.071655273,0.143327713,0.179424286,0.213529587,0.257126617,0.388542175
73,2022,165,3,2,0,0,NA,0.182,178.53,0.128572049,0.022042286,0.075187683,0.113090515,0.125320435,0.142097473,0.159391785,0.195121765
73,2022,214,3,3,0,0,NA,0.16,178.66,0.181348883,0.040554942,0.084442139,0.155984879,0.185764313,0.20798111,0.234596252,0.273330688
73,2022,257,3,4,0,0,NA,0.164,115.53,0.115201633,0.020866692,0.035102844,0.10219574,0.113998413,0.129722595,0.142654419,0.171630859
73,2023,136,3,1,NA,0,13,0.36,253.7,0.188420845,0.095255999,0.064208984,0.109016418,0.147735596,0.267417908,0.340058899,0.466270447
73,2023,170,3,2,NA,1,NA,0.126,76,0.072554026,0.022481581,0.010948181,0.055267334,0.069900513,0.086837769,0.102662659,0.151794434
73,2023,221,3,3,NA,2,NA,0.234,309.67,0.220113919,0.031567745,0.14655304,0.194839478,0.220333099,0.243207932,0.259406281,0.31918335
73,2023,265,3,4,NA,2,NA,0.19,145.77,0.167759953,0.045025679,0.076385498,0.137958527,0.154510498,0.182861328,0.243115234,0.306663513
74,2022,136,3,1,0,0,10,0.538,780.34,0.428601597,0.048208794,0.260986328,0.394142151,0.428825378,0.460477829,0.493423462,0.550590515
74,2022,165,3,2,0,0,8,0.174,137.24,0.116595208,0.026588341,0.060554504,0.097799301,0.112266541,0.131404877,0.153427887,0.192680359
74,2022,214,3,3,0,0,11,0.182,206.54,0.15809048,0.052420791,0.029075623,0.13344574,0.163383484,0.182136536,0.205015564,0.387023926
74,2022,257,3,4,0,0,10,0.174,102.56,0.118948811,0.020530054,0.057792664,0.103862762,0.120780945,0.134037018,0.143417358,0.178596497
74,2023,136,3,1,NA,0,14,0.476,426.05,0.286724383,0.060634793,0.032524109,0.241752625,0.280673981,0.336185455,0.368198395,0.417900085
74,2023,170,3,2,NA,2,10,0.178,198.88,0.122042053,0.024218323,0.025230408,0.1073246,0.120635986,0.137422562,0.154833984,0.200065613
74,2023,221,3,3,NA,2,11,0.292,435.72,0.222187088,0.030421693,0.154335022,0.200370789,0.216590881,0.242271423,0.268188477,0.314102173
74,2023,265,3,4,NA,0,11,0.262,230.63,0.207941888,0.022037754,0.14931488,0.193717957,0.206550598,0.222585678,0.235929108,0.277641296
75,2022,136,3,1,1,0,NA,0.514,563.06,0.422153519,0.065987649,0.244567871,0.377975464,0.429428101,0.47164917,0.503846741,0.562652588
75,2022,165,3,2,0,0,NA,0.212,147.23,0.133380544,0.049038979,0.019241333,0.09728241,0.132751465,0.166179657,0.204664612,0.242179871
75,2022,214,3,3,0,1,NA,0.17,267.05,0.144640207,0.037874736,0.068138123,0.116088867,0.142868042,0.167182922,0.193743896,0.265167236
75,2022,257,3,4,0,0,NA,0.16,138.06,0.120566625,0.026188824,0.054824829,0.101280212,0.122970581,0.142356873,0.152542114,0.177452087
75,2023,136,3,1,NA,0,10,0.51,305.13,0.283774646,0.036954704,0.120918274,0.269432068,0.288368225,0.305473328,0.323884583,0.366775513
75,2023,170,3,2,NA,1,NA,0.15,169.47,0.09493069,0.044806699,0.010017395,0.060548782,0.091884613,0.11630249,0.144274139,0.273429871
75,2023,221,3,3,NA,2,NA,0.238,371.83,0.166969898,0.032470898,0.064430237,0.143884659,0.169052124,0.189804077,0.207530975,0.26399231
75,2023,265,3,4,NA,1,NA,0.202,187.87,0.145637401,0.035698392,0.05355835,0.117500305,0.149597168,0.173904419,0.189405823,0.224662781
76,2022,136,3,1,0,0,6,0.286,331.67,0.185554736,0.050897628,0.027961731,0.15612793,0.193061829,0.221557617,0.245158386,0.279067993
76,2022,165,3,2,0,0,5,0.182,134.57,0.139830286,0.031146852,0.063262939,0.115409851,0.144874573,0.163665771,0.175924683,0.21559906
76,2022,214,3,3,0,2,2,0.164,330.11,0.203994868,0.052409751,0.087982178,0.165927887,0.199386597,0.232456207,0.270532227,0.372505188
76,2022,257,3,4,0,2,4,0.174,154.24,0.125986652,0.025834994,0.068534851,0.106906891,0.124038696,0.144405365,0.161758423,0.197944641
76,2023,136,3,1,NA,0,5,0.334,291.57,0.152624097,0.061414764,0.020195007,0.119617462,0.140583038,0.172439575,0.231476593,0.383483887
76,2023,170,3,2,NA,0,7,0.174,99.46,0.077732781,0.04292704,0.011383057,0.045700073,0.065917969,0.099411011,0.143000793,0.236450195
76,2023,221,3,3,NA,2,9,0.266,322.19,0.193965297,0.034475889,0.094070435,0.171527863,0.191795349,0.217163086,0.244445801,0.278327942
76,2023,265,3,4,NA,2,7,0.188,180.8,0.117403301,0.034787894,0.017837524,0.093338013,0.112674713,0.142299652,0.165687561,0.224632263
77,2022,136,3,1,0,0,NA,0.284,312.68,0.175945414,0.07612535,0.039375305,0.106742859,0.172691345,0.24848938,0.279640198,0.321235657
77,2022,165,3,2,0,0,NA,0.178,135.15,0.153873353,0.033610304,0.075881958,0.125431061,0.151634216,0.177072525,0.204027557,0.232749939
77,2022,214,3,3,0,1,NA,0.176,372.09,0.226202348,0.066360761,0.062026978,0.162097931,0.233352661,0.28812027,0.30770874,0.357933044
77,2022,257,3,4,0,2,NA,0.18,197.83,0.154320499,0.041277436,0.03351593,0.121938705,0.15549469,0.186664581,0.207756805,0.259384155
77,2023,136,3,1,NA,0,5,0.326,207.21,0.18219805,0.079342664,0.036689758,0.113117218,0.166770935,0.244033813,0.305519104,0.355293274
77,2023,170,3,2,NA,0,NA,0.184,85.33,0.108233883,0.039229863,0.016792297,0.08171463,0.10899353,0.125,0.164337158,0.235931396
77,2023,221,3,3,NA,2,NA,0.242,339.38,0.15272877,0.036168628,0.074684143,0.123744965,0.154167175,0.180044174,0.20222702,0.228622437
77,2023,265,3,4,NA,2,NA,0.194,143.1,0.119307503,0.039804812,0.032325745,0.088680267,0.1144104,0.154373169,0.176048279,0.198867798
78,2022,136,3,1,1,0,13,0.344,453.3,0.309306113,0.046023164,0.194877625,0.278488159,0.305740356,0.338470459,0.375346375,0.436401367
78,2022,165,3,2,0,0,9,0.164,141.22,0.101403084,0.035437399,0.010726929,0.076618195,0.104999542,0.12673378,0.144491577,0.194114685
78,2022,214,3,3,0,2,7,0.156,258.41,0.156755326,0.03808776,0.066490173,0.131666183,0.154388428,0.179027557,0.206874847,0.270584106
78,2022,257,3,4,0,2,9,0.178,166.32,0.150245691,0.023927617,0.096694946,0.132011414,0.145957947,0.168243408,0.183494568,0.217399597
78,2023,136,3,1,NA,0,16,0.406,411.53,0.262210834,0.039717512,0.121589661,0.228675842,0.26619339,0.295337677,0.312561798,0.34614563
78,2023,170,3,2,NA,1,10,0.144,133.25,0.086047911,0.023274337,0.017997742,0.071578979,0.085899353,0.102294922,0.115588379,0.165489197
78,2023,221,3,3,NA,2,10,0.234,534.46,0.136962727,0.03043076,0.057868958,0.11492157,0.135131836,0.158836365,0.177116394,0.226470947
78,2023,265,3,4,NA,1,10,0.184,193.41,0.134680144,0.036391151,0.038803101,0.108016968,0.138114929,0.162923813,0.177452087,0.232543945
79,2022,136,3,1,0,0,NA,0.576,644.78,0.40879723,0.042955869,0.235908508,0.385955811,0.407043457,0.437896729,0.465802002,0.510986328
79,2022,165,3,2,0,0,NA,0.178,117.87,0.123180498,0.044098779,0.010162354,0.095809937,0.135707855,0.156227112,0.170450592,0.209838867
79,2022,214,3,3,0,0,NA,0.156,224.53,0.148732971,0.034288759,0.01234436,0.131546021,0.152736664,0.174621582,0.185105133,0.234130859
79,2022,257,3,4,0,0,NA,0.188,148.04,0.136867641,0.026727821,0.060432434,0.120555878,0.141746521,0.155727386,0.166644287,0.223472595
79,2023,136,3,1,NA,0,11,0.482,410.42,0.317815275,0.063791229,0.060958862,0.281333923,0.335487366,0.366241455,0.382368469,0.426673889
79,2023,170,3,2,NA,1,NA,0.16,168.02,0.100539983,0.037057599,0.010124207,0.073818207,0.100296021,0.131942749,0.147607422,0.214164734
79,2023,221,3,3,NA,1,NA,0.216,321.05,0.131261556,0.040622494,0.0105896,0.111745834,0.138072968,0.158807755,0.17580719,0.212097168
79,2023,265,3,4,NA,0,NA,0.186,116.74,0.112405165,0.02654354,0.03137207,0.09526062,0.114372253,0.129901886,0.143984985,0.193267822
8,2022,165,1,1,1,1,8,0.586,1263.37,0.562616709,0.085224064,0.289840698,0.493473053,0.569087982,0.632457733,0.666880035,0.734893799
8,2022,257,1,2,1,0,8,0.174,95.53,0.098947447,0.021387691,0.014198303,0.085731506,0.099578857,0.113883972,0.126068115,0.172340393
8,2023,157,1,1,NA,1,9,0.632,685.22,0.685687344,0.074910946,0.352340698,0.651231766,0.699401855,0.735105515,0.767264557,0.810279846
8,2023,265,1,2,NA,1,10,0.268,213.71,0.175578846,0.031814294,0.085319519,0.15322876,0.173820496,0.197101593,0.220639038,0.257003784
80,2022,136,3,1,0,0,13,0.482,631.72,0.309758579,0.058756522,0.144393921,0.272098541,0.316204071,0.347360611,0.385678864,0.44367218
80,2022,165,3,2,0,0,10,0.158,90.34,0.09956467,0.025625109,0.032569885,0.079742432,0.0977211,0.115087509,0.135435486,0.179199219
80,2022,214,3,3,0,0,7,0.178,224.6,0.14000849,0.037769538,0.017120361,0.124380112,0.147937775,0.166391373,0.179911041,0.204666138
80,2022,257,3,4,0,0,9,0.214,172.83,0.155689275,0.029686852,0.062561035,0.141494751,0.159240723,0.176273346,0.188261414,0.23160553
80,2023,136,3,1,NA,0,12,0.538,459.71,0.321729202,0.068753809,0.081138611,0.304428101,0.335700989,0.363838196,0.389404297,0.454917908
80,2023,170,3,2,NA,0,9,0.14,128.14,0.067623924,0.020469194,0.013977051,0.054206848,0.06879425,0.081596375,0.094322205,0.125488281
80,2023,221,3,3,NA,1,9,0.244,350.02,0.124566389,0.026805834,0.055801392,0.108207703,0.127388,0.141963959,0.158778381,0.190910339
80,2023,265,3,4,NA,0,9,0.21,171.26,0.11437924,0.03374122,0.010353088,0.098075867,0.119735718,0.139839172,0.153045654,0.188224792
81,2022,136,3,1,1,0,NA,0.446,465.3,0.263526908,0.055236912,0.041603088,0.243638992,0.270816803,0.300106049,0.321653748,0.352920532
81,2022,165,3,2,1,0,NA,0.152,109.89,0.08264732,0.026682223,0.010162354,0.063831329,0.082843781,0.104219437,0.116849518,0.143318176
81,2022,214,3,3,0,0,NA,0.138,179.12,0.113940404,0.034433638,0.01424408,0.093002319,0.120830536,0.138572693,0.153731537,0.182975769
81,2022,257,3,4,0,0,NA,0.172,144.88,0.127609827,0.025254726,0.056152344,0.112165451,0.128852844,0.144136429,0.156417847,0.287498474
81,2023,136,3,1,NA,0,NA,0.512,448.69,0.325435612,0.04411449,0.158996582,0.296150208,0.323150635,0.351915359,0.38037796,0.468177795
81,2023,170,3,2,NA,2,NA,0.154,175.27,0.110507923,0.020944378,0.04069519,0.098636627,0.111305237,0.121608734,0.135314941,0.175559998
81,2023,221,3,3,NA,2,NA,0.242,353.57,0.135291883,0.027037156,0.0626297,0.114999771,0.135662079,0.154912949,0.169662476,0.210723877
81,2023,265,3,4,NA,0,NA,0.174,129.62,0.11107411,0.024895054,0.02872467,0.097091675,0.114265442,0.128318787,0.141108704,0.163818359
82,2022,136,3,1,1,0,9,0.536,623.64,0.362633106,0.032607592,0.273925781,0.34031868,0.367912292,0.387113571,0.399950409,0.449836731
82,2022,165,3,2,0,0,9,0.168,111.66,0.080515218,0.033912311,0.01033783,0.052574158,0.077201843,0.107513428,0.128253174,0.160705566
82,2022,214,3,3,0,0,9,0.134,211.96,0.116902613,0.025108273,0.033843994,0.099733353,0.117614746,0.135583878,0.147722626,0.187606812
82,2022,257,3,4,0,0,9,0.188,172.59,0.149724986,0.029167986,0.054321289,0.130025864,0.152412415,0.167972565,0.188421631,0.222129822
82,2023,136,3,1,NA,0,20,0.564,497.4,0.330476963,0.039278297,0.202148438,0.304628372,0.326789856,0.358001709,0.383734131,0.44190979
82,2023,170,3,2,NA,2,11,0.138,99.62,0.058855601,0.02399106,0.013687134,0.043027878,0.055416107,0.071434021,0.08924408,0.148460388
82,2023,221,3,3,NA,2,14,0.232,288.82,0.133809859,0.022431687,0.076698303,0.119159698,0.130050659,0.144706726,0.166091919,0.208938599
82,2023,265,3,4,NA,0,10,0.162,111.81,0.083391324,0.022485449,0.022644043,0.06829071,0.080940247,0.09753418,0.11418457,0.153541565
83,2022,136,3,1,0,0,NA,0.332,336.23,0.25087082,0.044452274,0.121795654,0.224254608,0.248886108,0.280992508,0.309867859,0.371170044
83,2022,165,3,2,0,0,NA,0.172,161.04,0.115597689,0.032086045,0.045951843,0.091558456,0.116783142,0.133155823,0.154954529,0.214317322
83,2022,214,3,3,0,0,NA,0.138,327.46,0.13988337,0.021928173,0.074859619,0.125240326,0.138870239,0.154935837,0.169641876,0.201316833
83,2022,257,3,4,1,1,NA,0.212,188.11,0.167233844,0.030709781,0.066467285,0.148582458,0.165115356,0.186470032,0.205909729,0.280899048
83,2023,136,3,1,NA,0,13,0.386,343.92,0.257684458,0.052075823,0.118377686,0.223930359,0.259887695,0.292961121,0.328178406,0.378974915
83,2023,170,3,2,NA,1,NA,0.128,80.35,0.059282485,0.025623605,0.010147095,0.041612625,0.05588913,0.07343483,0.094773865,0.139663696
83,2023,221,3,3,NA,2,NA,0.21,373.56,0.121952416,0.026213856,0.066955566,0.101076126,0.122493744,0.139429092,0.159638214,0.190376282
83,2023,265,3,4,NA,1,NA,0.194,141.75,0.11182815,0.021868052,0.056388855,0.097728729,0.107776642,0.126436234,0.143768311,0.172866821
84,2022,136,3,1,1,0,8,0.338,379.85,0.217908694,0.048345904,0.10194397,0.180465698,0.222190857,0.25633049,0.277450562,0.34577179
84,2022,165,3,2,0,0,5,0.168,103.35,0.103734357,0.032723022,0.031295776,0.078464508,0.104347229,0.128017426,0.14868927,0.182563782
84,2022,214,3,3,0,1,7,0.21,353.09,0.177649386,0.042214342,0.070785522,0.147266388,0.175247192,0.209087372,0.235977173,0.268104553
84,2022,257,3,4,1,1,6,0.184,209.44,0.161882693,0.027113337,0.074409485,0.144752502,0.162025452,0.1788311,0.196479797,0.231323242
84,2023,136,3,1,NA,0,5,0.472,514.83,0.323611216,0.072345418,0.178741455,0.258451462,0.323799133,0.382575989,0.422593689,0.506408691
84,2023,170,3,2,NA,0,8,0.122,59.17,0.053141295,0.036912917,0.010063171,0.022729874,0.041889191,0.078042984,0.108532715,0.178024292
84,2023,221,3,3,NA,2,9,0.25,291.97,0.139911271,0.035599873,0.056159973,0.111686707,0.133190155,0.167207718,0.191760254,0.232887268
84,2023,265,3,4,NA,2,7,0.198,219.28,0.121581492,0.021499729,0.061218262,0.106555939,0.118972778,0.133529663,0.149633789,0.191436768
85,2022,136,3,1,0,0,NA,0.296,322.74,0.195101039,0.037297857,0.122024536,0.165405273,0.192153931,0.22372818,0.24977951,0.306365967
85,2022,165,3,2,0,0,NA,0.144,66.37,0.118703403,0.037477247,0.045227051,0.089515686,0.113697052,0.142753601,0.175100708,0.221809387
85,2022,214,3,3,0,0,NA,0.338,359.86,0.351303114,0.048180873,0.158699036,0.328533173,0.351135254,0.370080948,0.403606415,0.51285553
85,2022,257,3,4,0,1,NA,0.206,122.99,0.200864842,0.057244203,0.092285156,0.160402298,0.183677673,0.221979141,0.301096344,0.352096558
85,2023,136,3,1,NA,0,6,0.464,416.2,0.345907742,0.073605315,0.202087402,0.297494888,0.329860687,0.376703262,0.470085144,0.560836792
85,2023,170,3,2,NA,0,NA,0.148,65.33,0.08421678,0.040435228,0.010322571,0.048908234,0.084140778,0.116918564,0.137979889,0.209060669
85,2023,221,3,3,NA,1,NA,0.324,346.29,0.263675174,0.049963991,0.100189209,0.237915039,0.266689301,0.294208527,0.321071625,0.388458252
85,2023,265,3,4,NA,1,NA,0.196,99.21,0.15234604,0.038485202,0.066673279,0.120029449,0.148956299,0.176687241,0.206176758,0.256103516
86,2022,136,3,1,0,0,5,0.214,207.62,0.114883809,0.037795005,0.01700592,0.088401794,0.116424561,0.145168304,0.162797546,0.203834534
86,2022,165,3,2,0,0,5,0.156,39.7,0.120377938,0.041105779,0.019485474,0.089483261,0.125148773,0.154125214,0.170068359,0.20249939
86,2022,214,3,3,0,0,3,0.31,319.77,0.317510039,0.037730055,0.200767517,0.290218353,0.319015503,0.344507217,0.368439484,0.39818573
86,2022,257,3,4,0,1,4,0.216,87.37,0.197809797,0.054083494,0.087791443,0.153411865,0.190795898,0.235202789,0.278479004,0.33757782
86,2023,136,3,1,NA,0,7,0.282,212.46,0.166391274,0.04992798,0.012237549,0.142044067,0.166473389,0.203056335,0.227738953,0.268806458
86,2023,170,3,2,NA,0,7,0.118,18,0.050775466,0.031081697,0.010002136,0.0262146,0.044837952,0.066375732,0.101560974,0.142158508
86,2023,221,3,3,NA,2,10,0.276,257.57,0.212419794,0.02605408,0.14465332,0.195075989,0.210594177,0.228736877,0.244821167,0.305122375
86,2023,265,3,4,NA,0,8,0.206,118.28,0.140678955,0.027864754,0.049369812,0.121620178,0.139686584,0.161117554,0.177124023,0.209907532
87,2022,136,3,1,0,0,NA,0.188,196.48,0.068744873,0.038821051,0.010093689,0.044288635,0.061279297,0.082199097,0.113510132,0.264854431
87,2022,165,3,2,0,0,NA,0.136,46.53,0.088888226,0.023583428,0.018508911,0.074617386,0.089496613,0.104127884,0.119055939,0.150054932
87,2022,214,3,3,0,0,NA,0.268,310.48,0.280946435,0.033281021,0.187446594,0.258041382,0.279678345,0.304229736,0.328457642,0.372207642
87,2022,257,3,4,0,1,NA,0.166,117.89,0.15175959,0.020799877,0.086463928,0.138418198,0.155269623,0.167346954,0.175384521,0.200973511
87,2023,136,3,1,NA,0,5,0.25,205.67,0.135140329,0.037944247,0.011764526,0.110122681,0.135383606,0.166561127,0.182331085,0.222045898
87,2023,170,3,2,NA,0,NA,0.15,41.71,0.061867792,0.034056696,0.010391235,0.037160873,0.05437851,0.079118729,0.106577301,0.202636719
87,2023,221,3,3,NA,1,NA,0.304,286.14,0.260623562,0.057498271,0.136604309,0.211215973,0.268062592,0.308443069,0.333839417,0.376991272
87,2023,265,3,4,NA,0,NA,0.166,86.99,0.122242385,0.026101641,0.035011292,0.106517792,0.12134552,0.141029358,0.156845093,0.186851501
88,2022,136,3,1,0,0,9,0.316,300.32,0.195362356,0.054035302,0.066207886,0.154056549,0.19593811,0.237863541,0.266894531,0.313209534
88,2022,165,3,2,0,0,5,0.158,117.97,0.116634904,0.026362345,0.029060364,0.102325439,0.119468689,0.132823944,0.144844055,0.201675415
88,2022,214,3,3,0,0,6,0.154,316.73,0.163182063,0.039285457,0.058349609,0.140384674,0.164512634,0.186702728,0.211791992,0.289741516
88,2022,257,3,4,0,1,4,0.176,191.93,0.139252014,0.021778978,0.068275452,0.126869202,0.142417908,0.154289246,0.163711548,0.189277649
88,2023,136,3,1,NA,0,8,0.414,442.84,0.253170371,0.038894449,0.137145996,0.227987289,0.256835938,0.282514572,0.301430511,0.335929871
88,2023,170,3,2,NA,0,5,0.112,84.01,0.056340812,0.0321313,0.0103302,0.030662537,0.045310974,0.082252502,0.108056641,0.148513794
88,2023,221,3,3,NA,2,5,0.208,338.49,0.167636887,0.055691085,0.060897827,0.124912262,0.156158447,0.205871582,0.257388306,0.300422668
88,2023,265,3,4,NA,2,6,0.21,264.6,0.155148584,0.025369975,0.092819214,0.137506485,0.154949188,0.174995422,0.18624649,0.215957642
89,2022,136,3,1,0,0,NA,0.226,337.33,0.146427052,0.093220233,0.01033783,0.066696167,0.126617432,0.218765259,0.286181641,0.372505188
89,2022,165,3,2,0,0,NA,0.178,209.52,0.121330055,0.029647854,0.031417847,0.105827332,0.12411499,0.142127991,0.156608582,0.185585022
89,2022,214,3,3,0,0,NA,0.13,183.85,0.12053862,0.026075691,0.032569885,0.103736877,0.119300842,0.137180328,0.154055786,0.218811035
89,2022,257,3,4,0,2,NA,0.212,226.33,0.162766786,0.024455548,0.057853699,0.148527145,0.163345337,0.179214478,0.192971802,0.230171204
89,2023,136,3,1,NA,0,9,0.418,375.81,0.245634456,0.037144455,0.117614746,0.223985672,0.245265961,0.269708633,0.294851685,0.349349976
89,2023,170,3,2,NA,1,NA,0.11,86.27,0.063326129,0.026115574,0.010253906,0.044639587,0.061027527,0.082099915,0.099334717,0.140106201
89,2023,221,3,3,NA,2,NA,0.234,422.34,0.179424706,0.084617712,0.067298889,0.150547028,0.1667099,0.189559937,0.217700958,0.91468811
89,2023,265,3,4,NA,2,NA,0.188,211.42,0.14449744,0.024083852,0.086738586,0.128261566,0.142730713,0.159793854,0.179693604,0.213195801
9,2022,165,1,1,1,1,NA,0.522,1268.33,0.533909084,0.082694657,0.289794922,0.487529755,0.552249908,0.590551376,0.630435944,0.675315857
9,2022,257,1,2,1,0,NA,0.198,160.37,0.135421525,0.023983722,0.081680298,0.11831665,0.134307861,0.152374268,0.16734314,0.202537537
9,2023,157,1,1,NA,1,10,0.6,832.4,0.738555795,0.065123667,0.547164917,0.698265076,0.740341187,0.786949158,0.820121765,0.894142151
9,2023,265,1,2,NA,2,NA,0.314,297.72,0.233198325,0.032484551,0.126739502,0.216659546,0.233230591,0.252433777,0.276402283,0.308364868
90,2022,136,3,1,1,0,9,0.348,281.97,0.267330033,0.065066409,0.112358093,0.220115662,0.270683289,0.312004089,0.356018066,0.413864136
90,2022,165,3,2,1,0,11,0.23,122.29,0.114614342,0.040675588,0.032791138,0.086875916,0.103858948,0.133224487,0.176208496,0.260696411
90,2022,214,3,3,1,2,8,0.098,129.93,0.061738139,0.037189226,0.010040283,0.032485962,0.052555084,0.084579468,0.120700836,0.164886475
90,2022,257,3,4,1,2,10,0.152,136.96,0.085636846,0.027312866,0.021629333,0.06729126,0.084445953,0.104164124,0.123464203,0.161384583
90,2023,136,3,1,NA,0,13,0.326,268.37,0.148898918,0.037317915,0.058906555,0.125270844,0.146842957,0.17181778,0.19776001,0.249702454
90,2023,170,3,2,NA,1,13,0.16,230.47,0.086247678,0.044432768,0.012527466,0.049354553,0.082927704,0.116931915,0.146572113,0.21559906
90,2023,221,3,3,NA,2,9,0.244,352.65,0.184017899,0.074042146,0.087600708,0.150024414,0.171859741,0.195831299,0.241471863,0.781806946
90,2023,265,3,4,NA,2,13,0.21,221.1,0.147779109,0.036464535,0.062507629,0.122871399,0.144943237,0.171165466,0.200920105,0.242485046
91,2022,136,3,1,0,0,8,0.3,304.64,0.242188784,0.040391158,0.133865356,0.217502594,0.24344635,0.267261505,0.297741699,0.34828186
91,2022,165,3,2,0,0,6,0.176,103.49,0.123791612,0.02206459,0.058403015,0.109912872,0.12260437,0.137992859,0.152778625,0.1929245
91,2022,214,3,3,0,0,8,0.164,118.97,0.189081719,0.035431626,0.086196899,0.164745331,0.183570862,0.215499878,0.237739563,0.297134399
91,2022,257,3,4,0,0,9,0.146,81.68,0.133175526,0.036687755,0.030319214,0.114021301,0.130210876,0.148948669,0.169955444,0.262619019
91,2023,136,3,1,NA,0,11,0.254,219.26,0.1388162,0.041468127,0.022987366,0.110946655,0.136779785,0.170642853,0.193812561,0.254745483
91,2023,170,3,2,NA,0,9,0.176,83.82,0.122307364,0.031870287,0.044113159,0.098726273,0.118980408,0.142866135,0.165077209,0.212799072
91,2023,221,3,3,NA,1,11,0.286,431.85,0.280377122,0.046582886,0.141212463,0.251060486,0.281288147,0.310180664,0.342597961,0.392448425
91,2023,265,3,4,NA,2,10,0.164,153.61,0.161959623,0.041094178,0.042800903,0.133041382,0.158927917,0.186191559,0.217544556,0.310684204
92,2022,136,3,1,0,0,NA,0.454,393.36,0.314624782,0.052248922,0.183906555,0.282556534,0.309017181,0.346250534,0.393203735,0.444046021
92,2022,165,3,2,0,0,NA,0.128,91.91,0.043429769,0.019807508,0.010025024,0.02614975,0.043498993,0.059492111,0.068332672,0.091133118
92,2022,214,3,3,0,0,NA,0.188,237.43,0.157631868,0.035253537,0.055053711,0.129341125,0.156311035,0.183288574,0.208187866,0.238510132
92,2022,257,3,4,0,1,NA,0.18,123.01,0.125416455,0.025733243,0.038146973,0.107261658,0.126533508,0.146923065,0.158164978,0.186172485
92,2023,136,3,1,NA,0,14,0.444,411.58,0.22247006,0.056620239,0.099472046,0.17424202,0.219112396,0.266788483,0.300769043,0.388427734
92,2023,170,3,2,NA,0,NA,0.19,121.66,0.124855366,0.046022239,0.034622192,0.083892822,0.121147156,0.154655457,0.192466736,0.243659973
92,2023,221,3,3,NA,2,NA,0.272,497.28,0.199330905,0.029053771,0.103408813,0.177600861,0.197479248,0.217693329,0.240885925,0.273231506
92,2023,265,3,4,NA,0,NA,0.172,115.33,0.127730754,0.029266189,0.042572021,0.108764648,0.125606537,0.143468857,0.169075012,0.219528198
93,2022,136,3,1,0,0,11,0.492,490.98,0.415223801,0.051272148,0.253967285,0.378864288,0.413043976,0.447013855,0.489688873,0.535743713
93,2022,165,3,2,1,0,7,0.202,111.93,0.126159883,0.027540904,0.034950256,0.107509613,0.128089905,0.146759033,0.159706116,0.195228577
93,2022,214,3,3,1,0,6,0.214,172.47,0.201925605,0.051169518,0.073684692,0.169786453,0.19814682,0.242002487,0.272795868,0.325721741
93,2022,257,3,4,1,1,7,0.226,173.09,0.158248878,0.037408932,0.035163879,0.13218689,0.152488708,0.179382324,0.208518982,0.304977417
93,2023,136,3,1,NA,0,16,0.42,257.54,0.230171221,0.053092848,0.071815491,0.200370789,0.235687256,0.26281929,0.290255737,0.412506104
93,2023,170,3,2,NA,0,17,0.184,130.88,0.122194845,0.051226659,0.011123657,0.084447861,0.120597839,0.15694809,0.200971985,0.232696533
93,2023,221,3,3,NA,2,20,0.314,516.05,0.233281357,0.057604269,0.025558472,0.202163696,0.24319458,0.273727417,0.295874023,0.350898743
93,2023,265,3,4,NA,0,14,0.226,152.29,0.141691857,0.033902686,0.021080017,0.121948242,0.145393372,0.161300659,0.180641174,0.250663757
94,2022,136,3,1,0,0,NA,0.256,223.71,0.139221684,0.041088213,0.041511536,0.109539032,0.137702942,0.166099548,0.197657776,0.25994873
94,2022,165,3,2,0,0,NA,0.132,86.8,0.106884998,0.033496204,0.019775391,0.082077026,0.109802246,0.12853241,0.149542236,0.202888489
94,2022,214,3,3,0,0,NA,0.264,274.35,0.311357083,0.077437515,0.201828003,0.248275757,0.284934998,0.358062744,0.444018555,0.498344421
94,2022,257,3,4,0,2,NA,0.188,168.26,0.180628896,0.056456579,0.082397461,0.136884689,0.172286987,0.222320557,0.266898346,0.314285278
94,2023,136,3,1,NA,0,8,0.384,256.7,0.266923298,0.075251324,0.112319946,0.21314621,0.259788513,0.327610016,0.373318481,0.422607422
94,2023,170,3,2,NA,0,NA,0.188,150.15,0.160073446,0.044301632,0.032730103,0.126312256,0.155418396,0.197975159,0.217048645,0.254920959
94,2023,221,3,3,NA,2,NA,0.234,460.86,0.201114255,0.074584887,0.062431335,0.142787933,0.18573761,0.255813599,0.319792175,0.386047363
94,2023,265,3,4,NA,2,NA,0.184,149.05,0.163381839,0.059537585,0.032920837,0.125455856,0.154972076,0.195009232,0.263759613,0.309516907
95,2022,136,3,1,0,0,7,0.26,300.58,0.187943825,0.039258685,0.071014404,0.160881042,0.194076538,0.214363098,0.231005859,0.292579651
95,2022,165,3,2,0,0,7,0.162,118.77,0.130468647,0.028119076,0.070999146,0.106536865,0.12978363,0.152450562,0.168180084,0.218818665
95,2022,214,3,3,0,0,5,0.318,391.16,0.345535587,0.041304732,0.18863678,0.316177368,0.34854126,0.377357483,0.398425293,0.429237366
95,2022,257,3,4,0,2,9,0.184,185.88,0.173556435,0.032653066,0.046920776,0.159826279,0.178627014,0.194540024,0.209332275,0.246543884
95,2023,136,3,1,NA,0,8,0.424,409.12,0.335277836,0.040105335,0.210342407,0.308319092,0.336135864,0.362876892,0.389945984,0.429695129
95,2023,170,3,2,NA,0,8,0.16,126.74,0.132787118,0.039580389,0.03616333,0.102424622,0.140342712,0.162620544,0.178790283,0.219268799
95,2023,221,3,3,NA,2,6,0.276,513.4,0.205768782,0.040831626,0.038749695,0.180675507,0.205032349,0.232433319,0.251257324,0.32938385
95,2023,265,3,4,NA,2,4,0.238,213.42,0.163105194,0.048640301,0.010116577,0.136959076,0.167816162,0.196496964,0.225035858,0.257751465
96,2022,136,3,1,1,0,NA,0.48,601.99,0.334063441,0.047045896,0.219429016,0.306632996,0.327583313,0.355747223,0.405918884,0.507476807
96,2022,165,3,2,1,0,NA,0.172,128.55,0.089982332,0.028377339,0.011734009,0.068367004,0.089286804,0.111732483,0.126004028,0.179237366
96,2022,214,3,3,0,0,NA,0.15,149.94,0.129876342,0.030348239,0.040550232,0.11108017,0.131980896,0.150352478,0.166620636,0.219245911
96,2022,257,3,4,1,0,NA,0.172,130.52,0.130188221,0.02140189,0.062339783,0.117559433,0.133293152,0.145608902,0.15557251,0.187896729
96,2023,136,3,1,NA,0,13,0.46,410.99,0.242026381,0.052797613,0.087928772,0.208377838,0.233131409,0.271648407,0.324169922,0.381416321
96,2023,170,3,2,NA,0,NA,0.176,129.1,0.107152478,0.036421438,0.010345459,0.086166382,0.115745544,0.133247375,0.147473145,0.177284241
96,2023,221,3,3,NA,2,NA,0.24,413.01,0.130359252,0.044170749,0.032073975,0.095897675,0.129234314,0.167312622,0.191446686,0.213432312
96,2023,265,3,4,NA,1,NA,0.188,110.54,0.127416406,0.028821242,0.047599792,0.107444763,0.12934494,0.14812851,0.163939667,0.193641663
97,2022,136,3,1,1,0,13,0.39,500,0.287985748,0.060976396,0.064155579,0.25623703,0.296791077,0.325782776,0.347125244,0.435783386
97,2022,165,3,2,1,0,8,0.152,94.27,0.076147832,0.025815626,0.012733459,0.059371948,0.076698303,0.091659546,0.11071167,0.15322876
97,2022,214,3,3,0,0,9,0.126,129.15,0.11664976,0.023878847,0.055549622,0.100410461,0.117462158,0.132751465,0.146723938,0.177444458
97,2022,257,3,4,0,0,9,0.158,99.31,0.115565944,0.021253581,0.056015015,0.100471497,0.114875793,0.129364014,0.143226624,0.187347412
97,2023,136,3,1,NA,0,17,0.414,307.8,0.207385328,0.062027333,0.040908813,0.164367676,0.204345703,0.250331879,0.290052795,0.37953186
97,2023,170,3,2,NA,0,14,0.174,160.07,0.115670263,0.032257741,0.042556763,0.08723259,0.118675232,0.140674591,0.157498932,0.197616577
97,2023,221,3,3,NA,2,8,0.226,501.96,0.150703808,0.034036087,0.02935791,0.136676788,0.155525208,0.173091888,0.188013458,0.220924377
97,2023,265,3,4,NA,0,11,0.188,105.12,0.119510565,0.02590292,0.011932373,0.103832245,0.12109375,0.137428284,0.15014801,0.176986694
98,2022,136,3,1,1,0,NA,0.498,550.86,0.322535006,0.052597677,0.170768738,0.286722183,0.326839447,0.361503601,0.386595154,0.43712616
98,2022,165,3,2,1,0,NA,0.158,23.86,0.078536042,0.035228938,0.010375977,0.051647186,0.076126099,0.105134964,0.126238251,0.164978027
98,2022,214,3,3,0,0,NA,0.116,108.49,0.093965937,0.027470703,0.010025024,0.078762054,0.098339081,0.112154007,0.126503754,0.182098389
98,2022,257,3,4,0,0,NA,0.182,212.28,0.161333832,0.026480401,0.088180542,0.143707275,0.161346436,0.180679321,0.196083069,0.222412109
98,2023,136,3,1,NA,0,16,0.486,499.73,0.309921053,0.058856134,0.0520401,0.270736694,0.319892883,0.354637146,0.380169678,0.425094604
98,2023,170,3,2,NA,1,NA,0.142,92.83,0.051993158,0.025889789,0.010047913,0.032115936,0.049095154,0.066352844,0.088484192,0.140930176
98,2023,221,3,3,NA,1,NA,0.232,354.05,0.121449064,0.035557228,0.026863098,0.097688675,0.115684509,0.145206451,0.174311829,0.211540222
98,2023,265,3,4,NA,0,NA,0.174,122.5,0.09365643,0.03696646,0.010025024,0.066352844,0.090995789,0.124736786,0.143385315,0.174476624
99,2022,136,3,1,1,0,13,0.4,479.82,0.264267685,0.050556218,0.142349243,0.223617554,0.258506775,0.302013397,0.333349609,0.403343201
99,2022,165,3,2,0,0,7,0.126,55.9,0.053944136,0.027332384,0.010025024,0.031147003,0.04800415,0.074611664,0.093120575,0.130516052
99,2022,214,3,3,0,0,7,0.1,79.69,0.076306984,0.016532361,0.016235352,0.066198349,0.077445984,0.087020874,0.096017456,0.118598938
99,2022,257,3,4,0,0,10,0.162,100.72,0.114706927,0.015520518,0.065719604,0.105049133,0.114440918,0.125366211,0.134376526,0.16129303
99,2023,136,3,1,NA,0,15,0.468,340.37,0.256128793,0.057977574,0.092315674,0.211414337,0.260597229,0.30014801,0.332798767,0.399147034
99,2023,170,3,2,NA,0,14,0.158,128.91,0.087053919,0.023250944,0.026664734,0.068740845,0.085044861,0.101982117,0.119303894,0.164405823
99,2023,221,3,3,NA,2,10,0.254,364.81,0.158368546,0.045107234,0.026832581,0.132781982,0.163749695,0.186416626,0.212393188,0.29082489
99,2023,265,3,4,NA,0,10,0.164,64.75,0.108731759,0.02880506,0.029823303,0.091371536,0.107566833,0.123588562,0.144744873,0.21497345
